,0,1,2,3,4,5,6
0,2012-07-05 12:52:25,"@NourAbuZaid If you're looking for the marketing workshop URL, it is at http:// bit.ly/MYNOXP",0,0,@NourAbuZaid,,Reply
1,2012-07-05 12:00:06,Find out how to master LinkedIn for marketing by joining us for 3 free workshops in partnership with @Hubspot . http:// bit.ly/M8gnDb,28,10,@Hubspot,,Reply
2,2012-07-04 13:48:50,Happy #4thofJuly ! Find out how you can help LinkedIn support veterans this Indendence Day. http:// bit.ly/N9T8tU,21,8,,#4thofJuly,Announcement
3,2012-07-03 17:30:05,"How many items have you crossed off your to-do list today? ""Conquering the perpetual to do list"" via @FPexeceditor . http:// natpo.st/M4Jg2Y",19,12,@FPexeceditor,,Reply
4,2012-07-03 16:00:59,Great recap of our women-only #DevelopHer Hackday this past weekend via @zdnet . http:// zd.net/MU8BNT,7,1,@zdnet,#DevelopHer,Reply
5,2012-07-03 13:15:30,27 #LinkedIn best practices for entrepreneurs via @Forbes . Do you have any other tips? http:// onforb.es/Nitu46,26,18,@Forbes,#LinkedIn,Reply
6,2012-07-03 12:36:48,@IvanVukovic Check out our job listings at http:// linkd.in/M4dhQo !,1,0,@IvanVukovic,,Reply
7,2012-07-03 12:36:48,@iFollowBigAl Yup check out our job listings at http:// linkd.in/LNjguE,0,0,@iFollowBigAl,,Reply
8,2012-07-03 12:28:54,"Well, we are hiring. ""You'll Wish You Worked At LinkedIn After Taking This Tour Of Its HQ"" via @businessinsider http:// read.bi/P6AUgg",15,13,@businessinsider,,Reply
9,2012-07-02 14:30:04,20 reasons why #LinkedIn is the recruiting portal of the future via @ERE_net . http:// bit.ly/OdQB2w cc: @HireonLinkedIn,45,24,@ERE_net @HireonLinkedIn,#LinkedIn,Reply
10,2012-07-02 13:15:04,5 reasons for business professionals to use @Slideshare . Are you using Slideshare? http:// bit.ly/MPGS0L,19,6,@Slideshare,,Reply
11,2012-07-01 01:19:50,Confirming we've restored access to all our services since 8:30pm Pacific. We apologize for the inconvenience. Thanks for your patience.,23,4,,,Announcement
12,2012-06-30 20:49:39,Some of you may have experienced difficulty accessing the site. Our team is working on it now. Stay tuned for more.,29,5,,,Announcement
13,2012-06-30 13:00:05,Our first ever DevelopHer Hackday starts today. Follow hashtag #DevelopHer for all activities. May the best woman win! http:// bit.ly/LHLwyJ,14,1,,#DevelopHer,Announcement
14,2012-06-29 17:51:39,Tweets will no longer be displayed on LinkedIn starting today. Learn more about this change & sharing on LinkedIn. http:// bit.ly/KREY14,391,29,,,Announcement
15,2012-06-28 20:00:09,Great photos via @LinkedInJapan of our Chairman @quixotic 's Tokyo visit to talk about his new book @StartUpofYou . http:// bit.ly/NHJxHF,2,4,@LinkedInJapan @quixotic @StartUpofYou,,Reply
16,2012-06-28 19:06:01,Are you willing to give up a few summer Fridays to stand out at work? More tips from @thegirlontop . http:// bit.ly/MacmB8,6,3,@thegirlontop,,Reply
17,2012-06-28 14:30:36,3 simple ways to stand out at work this summer via @thegirlontop . What will you do to stand out? http:// bit.ly/MYsLD7,15,3,@thegirlontop,,Reply
18,2012-06-28 13:30:09,Over 20 million students from 20k schools are on LinkedIn. Our fastest growing demographic. http:// bit.ly/MBrxRm #Infographic,29,3,,#Infographic,Announcement
19,2012-06-28 12:00:12,"Join us for free workshops on how to master LinkedIn for marketing, in partnership with @Hubspot . http:// bit.ly/MYhbIa",16,6,@Hubspot,,Reply
20,2012-06-27 17:16:24,35% of students plan to use LinkedIn as a primary source for their job search. http:// bit.ly/LDkbQm #infographic,71,6,,#infographic,Announcement
21,2012-06-27 13:56:11,Ever wondered what are the 10 most popular companies among students' minds? We've got the answers. http:// blog.linkedin.com/2012/06/27/top -companies-students/ …,26,7,,,Announcement
22,2012-06-27 13:00:08,3 Reasons to Tone Down Your LinkedIn Photo via @Careerealism . Does your photo show you at your professional best? http:// bit.ly/MUwmUO,11,4,@Careerealism,,Reply
23,2012-06-27 11:00:07,#9aday tip: Stay connected with your professional network on the go with LinkedIn's mobile apps. http:// bit.ly/LOKn52 via @LinkedInUK,7,1,@LinkedInUK,#9aday,Reply
24,2012-06-26 16:36:05,@justjoslynn Nice! Keep us updated on how the interview goes.,1,1,@justjoslynn,,Reply
25,2012-06-26 16:34:21,"8 tips to showcase your personal brand on LinkedIn, thanks to @lindseypollak . http:// bit.ly/MQUJED",34,26,@lindseypollak,,Reply
26,2012-06-26 15:01:53,@lindseypollak shares 8 tips on how to showcase your personal brand on LinkedIn. http:// blog.linkedin.com/2012/06/26/per sonal-brand-on-linkedin/ …,0,1,@lindseypollak,,Reply
27,2012-06-26 14:18:07,9 beliefs of remarkably successful people. Trending story on @LinkedInToday via @Inc . http:// bit.ly/Qd0YTA,48,16,@LinkedInToday @Inc,,Reply
28,2012-06-26 11:00:16,#9aday tip: Check out your competition using LinkedIn's Company Pages. http:// bit.ly/KKrDYs via @LinkedInUK,5,1,@LinkedInUK,#9aday,Reply
29,2012-06-25 18:00:58,Get a LinkedIn profile makeover in just 5 simple steps. http:// usat.ly/MN6hqz (via @USAToday ),25,32,@USAToday,,Reply
30,2012-06-25 16:44:33,Looking for a job on LinkedIn? Register for our Job Seeker Webinar live this Wednesday! http:// bit.ly/Lm7piN,29,11,,,Announcement
31,2012-06-25 14:34:43,All access to our mobile apps have been restored. Sorry for the inconvenience.,4,1,,,Announcement
32,2012-06-25 14:25:49,Some of you may be having difficulties accessing our mobile app. Our teams are on it. Please stay tuned for more info.,13,0,,,Announcement
33,2012-06-25 14:02:00,LinkedIn is #3 on the list of 25 Best Tech Companies to Work For! Find out why & come join us. http:// read.bi/MMoXH7,21,8,,#3,Announcement
34,2012-06-25 11:00:07,#9aday tip: Have coffee with someone new to grow your network. http:// bit.ly/LLph7C via @LinkedInUK,20,5,@LinkedInUK,#9aday,Reply
35,2012-06-25 03:00:07,[VIDEO] Our chairman Reid Hoffman @quixotic at @StartUpofYou Fan Event for Professionals with @LinkedInJapan last week. http:// bit.ly/MKupKr,3,1,@quixotic @StartUpofYou @LinkedInJapan,,Reply
36,2012-06-22 14:24:16,"Calling all women hackers to our first DevelopHer Hackday, cc: @rashmisinha http:// blog.linkedin.com/2012/06/22/dev elopher-hackday/ …",15,0,@rashmisinha,,Reply
37,2012-06-22 14:00:05,"What happens when you list ""carrier pigeon"" as best way to contact you on your LinkedIn profile... http:// bit.ly/Lo8RWa",15,6,,,Announcement
38,2012-06-22 11:00:05,"#9aday Expert Video: ""Stay connected, stay curious."" ~Fiona Mcanena, Partner at Clearhound http:// bit.ly/MGFDxe via @LinkedInUK",3,0,@LinkedInUK,#9aday,Reply
39,2012-06-21 16:00:04,"Our last #inDay theme was ""Play"". See how LinkedIn employees played around the world. http:// bit.ly/MHK2UE",2,0,,#inDay,Announcement
40,2012-06-21 11:00:06,#9aday tip: Join a conversation in a LinkedIn Group to expand your network & knowledge. http:// bit.ly/MxH6bq via @LinkedInUK,13,1,@LinkedInUK,#9aday,Reply
41,2012-06-20 15:03:38,RT @Ross Discover the visual web with Pinterest + SlideShare http:// blog.slideshare.net/2012/06/20/sha re-and-discover-the-visual-web-with-pinterest-and-slideshare/ …,7,4,@Ross,,Reply
42,2012-06-20 13:30:51,Name that tune! What song are LinkedIn interns playing on kazoos at our All Hands meeting? http:// bit.ly/Njtz9W,3,1,,,Announcement
43,2012-06-20 11:00:49,#9aday tip: Update your LinkedIn status update to share your experience and expertise. http:// bit.ly/Mx208o via @LinkedInUK,8,5,@LinkedInUK,#9aday,Reply
44,2012-06-19 18:40:12,Check out LinkedIn Company Pages’ new dashboard. Screenshots & quick demo can be seen here. http:// blog.linkedin.com/2012/06/19/tar geted-status-updates/ …,19,13,,,Announcement
45,2012-06-19 14:55:13,Companies now have a better way to track effectiveness of their status updates on LinkedIn Company Pages - http:// blog.linkedin.com/2012/06/19/tar geted-status-updates/ …,33,4,,,Announcement
46,2012-06-19 14:30:06,Good leaders need to be loved or respected by their followers. Agree or disagree? Hot discussion in @HarvardBiz group. http:// bit.ly/MDEHxB,12,3,@HarvardBiz,,Reply
47,2012-06-19 12:30:58,Companies can now increase relevance of conversation on Company Pages with Targeted Status Updates. http:// blog.linkedin.com/2012/06/19/tar geted-status-updates/ …,26,3,,,Announcement
48,2012-06-19 11:00:47,#9aday tip: Stay on top of today's news by browsing LinkedIn Today for news tailored for you. http:// bit.ly/PkxJOq via @LinkedInUK,5,1,@LinkedInUK,#9aday,Reply
49,2012-06-18 21:02:18,"@tylerthoreson @danroth He sure is! And if you're not already, you should follow the @LinkedInToday team on Twitter as well.",2,1,@tylerthoreson @danroth @LinkedInToday,,Reply
50,2012-06-18 21:00:36,@kregobiz Congrats! We also have some great conversations brewing about female mentors at http:// linkd.in/LAPtBO .,1,0,@kregobiz,,Reply
51,2012-06-18 16:06:02,How to Take Intelligent Career Risk via @StartUpofYou authors @quixotic & @bencasnocha . http:// bit.ly/MmBDUW?sf47161 23=1 …,13,13,@StartUpofYou @quixotic @bencasnocha,,Reply
52,2012-06-18 11:00:08,#9aday tip: Request LinkedIn recommendations from people who can vouch for your work. http:// bit.ly/KfxwYK via @LinkedInUK,13,5,@LinkedInUK,#9aday,Reply
53,2012-06-15 14:27:34,@raerosen The world needs more social media geniuses like you!,1,1,@raerosen,,Reply
54,2012-06-15 13:33:26,RT @LinkedInToday : Putting together a slide deck? Here are the dos & don'ts of presentation design http:// slidesha.re/NDKmpv via @slideshare,10,13,@LinkedInToday @slideshare,,Reply
55,2012-06-15 13:00:11,#9aday tip: Write a recommendation for someone in your LinkedIn network. http:// bit.ly/M6sKAx,17,9,,#9aday,Announcement
56,2012-06-15 11:05:02,"It's #inDay , a day each month we give back to employees to invest in themselves. How will you invest in yourself today?",19,4,,#inDay,Announcement
57,2012-06-14 16:22:36,Are you one of the 44 million solopreneurs in the US? Check out these tips on finding your next gig by @greatonthejob . http:// bit.ly/NBGEN6,17,7,@greatonthejob,,Reply
58,2012-06-14 15:05:40,RT @mrogati : The data science of scaling online education: my summary of @Coursera founders' recent talk at LinkedIn: http:// bit.ly/MK83HM,5,2,@mrogati @Coursera,,Reply
59,2012-06-14 12:46:20,"VIDEO: Tips, tricks & advice for creating an awesome business plan via @thegirlontop . http:// bit.ly/LHrFOQ",9,12,@thegirlontop,,Reply
60,2012-06-14 10:14:57,#9aday Tip: Join a professional association to get to know your industry. What associations have you joined? http:// bit.ly/LWFCHh,20,5,,#9aday,Announcement
61,2012-06-13 14:48:09,RT @adamlashinsky : How LinkedIn survived its volatile IPO http:// money.cnn.com/video/technolo gy/2012/06/07/ctd_linkedin_ipo.fortune/ … via @FortuneMagazine,8,1,@adamlashinsky @FortuneMagazine,,Reply
62,2012-06-13 14:33:23,#9aday Tip: Update your LinkedIn profile with your professional wins. What's your most recent win? http:// bit.ly/OBKtQh cc: @LinkedInUK,8,6,@LinkedInUK,#9aday,Reply
63,2012-06-13 11:46:03,LinkedIn’s Office Guide to Good Gossip via @thegirlontop . Are you a good gossiper? http:// bit.ly/Lm1QBM,8,3,@thegirlontop,,Reply
64,2012-06-12 23:19:53,Update: LinkedIn summarizes password theft and member security efforts http:// bit.ly/MK3YH3,57,11,,,Announcement
65,2012-06-12 17:43:46,"@jcole13 Glad you find the articles useful! If you want more, you can also follow @LinkedInToday on Twitter.",2,0,@jcole13 @LinkedInToday,,Reply
66,2012-06-10 18:34:27,Good story via @WSJ on where we are with the password security issue. http:// on.wsj.com/KtdwkP cc: @WSJBusiness,30,5,@WSJ @WSJBusiness,,Reply
67,2012-06-09 19:03:21,New Post: Further update on taking steps to protect our members http:// blog.linkedin.com/2012/06/09/an- update-on-taking-steps-to-protect-our-members/ …,48,3,,,Announcement
68,2012-06-07 17:49:27,New Post: Taking Steps To Protect Our Members. http:// blog.linkedin.com/2012/06/07/tak ing-steps-to-protect-our-members/ …,109,14,,,Announcement
69,2012-06-06 15:39:55,New Post: Further Update on LinkedIn Member Passwords Compromised. http:// blog.linkedin.com/2012/06/06/lin kedin-member-passwords-compromised/ …,780,34,,,Announcement
70,2012-06-06 14:12:38,New Post: Updating Your Password on LinkedIn and Other Account Security Best Practices http:// blog.linkedin.com/2012/06/06/upd ating-your-password-on-linkedin-and-other-account-security-best-practices/ …,292,27,,,Announcement
71,2012-06-06 11:18:35,"Our team continues to investigate, but at this time, we're still unable to confirm that any security breach has occurred. Stay tuned here.",668,21,,,Announcement
72,2012-06-06 09:06:28,Our team is currently looking into reports of stolen passwords. Stay tuned for more.,1691,37,,,Announcement
73,2012-06-06 06:13:09,"More about our mobile calendar feature: What we do, what we don't do, & how we'll make it better http:// bit.ly/KPadsk",38,9,,,Announcement
74,2012-06-05 20:31:23,"@Jkirk22 Please share more, I bet our @HireOnLinkedIn would love to hear.",3,0,@Jkirk22 @HireOnLinkedIn,,Reply
75,2012-06-05 14:00:05,[VIDEO] Learn how to leverage the genius within you by watching @GinaRudan 's #inDay talk at LinkedIn HQ. http:// bit.ly/MdGy8G,9,3,@GinaRudan,#inDay,Reply
76,2012-06-05 10:31:22,@KeyTechGroup Good catch. It should be http:// bit.ly/Ke3qpL,0,0,@KeyTechGroup,,Reply
77,2012-06-05 10:00:50,#9aday Tip: Invest 9 min in your career by making a new connection on LinkedIn. Who will you connect with today? http:// bit.ly/NeGUkZ,15,2,,#9aday,Announcement
78,2012-06-04 16:35:04,@MezzMeredith Nice! How about a gold star?,2,1,@MezzMeredith,,Reply
79,2012-06-04 15:54:46,Looking for a job or know someone who is? Register for our free #JobSeeker Webinar live this Wednesday! http:// bit.ly/M5HpMI,33,10,,#JobSeeker,Announcement
80,2012-06-04 14:37:21,#9aday Tip: Invest 9 min in your career today by researching a partner or competitor via LinkedIn's mobile app. http:// bit.ly/M5qPfV,7,1,,#9aday,Announcement
81,2012-06-04 11:37:27,What helps you get through a #CaseOfTheMondays ?,5,4,,#CaseOfTheMondays,Announcement
82,2012-06-02 16:56:19,All members should be able to access our mobile apps now. Sorry for the inconvenience. Hope you're having a great weekend!,14,3,,,Announcement
83,2012-06-02 16:13:57,Our teams are looking into issues some of you may be experiencing when you login to our mobile app. Sorry for the inconvenience. Stay tuned.,11,1,,,Announcement
84,2012-06-01 16:01:58,Another reason to love summer in Silicon Valley. #FoodTruckFriday at LinkedIn. pic.twitter.com/mr4qnme9,3,2,,#FoodTruckFriday,Announcement
85,2012-06-01 14:11:00,"""Being an entrepreneur is an attitude, not a set of skills or capabilities."" ~Our co-founder @AllenB in @FastCompany http:// bit.ly/JYxF3Q",211,48,@AllenB @FastCompany,,Reply
86,2012-05-31 17:47:59,Newly launched Veterans Mentor Network group connects veterans with opportunities. Join to share your career advice. http:// bit.ly/JCzqad,15,3,,,Announcement
87,2012-05-31 15:52:50,"""You will figure it out if you put everything on the line."" ~ @jenisicecreams on starting an ice cream empire http:// youtu.be/QTLsOHVMGK0",12,4,@jenisicecreams,,Reply
88,2012-05-31 14:36:38,POLL: Workplace gossip is rampant. Which type of office gossip are you guilty of participating in? http:// bit.ly/JCi2lZ,5,0,,,Announcement
89,2012-05-31 13:56:53,@Shashikant86 Thanks for tuning in!,0,0,@Shashikant86,,Reply
90,2012-05-31 13:01:54,Starting now! @GinaRudan speaking at LinkedIn HQ about how you can leverage the genius within you. http:// ow.ly/be0LD #inDay,3,1,@GinaRudan,#inDay,Reply
91,2012-05-31 12:01:59,Tune in live in 1 hour as @GinaRudan talks about how you can become a #PracticalGenius . http:// ow.ly/be0LD #inDay,3,0,@GinaRudan,#PracticalGenius #inDay,Reply
92,2012-05-31 11:47:00,@HeyHeyESJ @jeffweiner @quixotic Thanks for the heads up!,0,0,@HeyHeyESJ @jeffweiner @quixotic,,Reply
93,2012-05-31 11:40:13,"Slide down a rainbow to Kittytown with LinkedIn in this ""LOL-worthy"" video featuring @jeffweiner & @quixotic . http:// dthin.gs/KXMTbu #D10",6,1,@jeffweiner @quixotic,#D10,Reply
94,2012-05-30 15:40:25,. @LinkedInIndia now connecting over 15mm professionals. Thanks for making LinkedIn a part of your professional lives. http:// bit.ly/L69zEp,13,5,@LinkedInIndia,,Reply
95,2012-05-30 13:30:11,RT @LinkedInToday : Mary Meeker: Think mobile can't be monetized? Japan proving otherwise. Here's her latest report - http:// slidesha.re/MY88vV,7,2,@LinkedInToday,,Reply
96,2012-05-30 12:07:06,@travis_chambers Thanks for the feedback! Please share your favorite #9aday tips.,1,1,@travis_chambers,#9aday,Reply
97,2012-05-30 12:02:18,Leverage the genius within you. Join us live as @GinaRudan speaks at LinkedIn HQ tomorrow at 10am PST. http:// ow.ly/be0vy #inDay,2,2,@GinaRudan,#inDay,Reply
98,2012-05-30 12:01:48,"Hummingbirds can beat their wings 48,600 times in 9 min. What can you do in 9 min? http://www. linkedin-9aday.com / (via @LinkedInUK ) #9aday",4,3,@LinkedInUK,#9aday,Reply
99,2012-05-29 15:45:58,Become a #PracticalGenius by tuning in on Thursday at 10am PST to see @GinaRudan speak at LinkedIn HQ. http:// ow.ly/be096 #inDay,19,2,@GinaRudan,#PracticalGenius #inDay,Reply
100,2012-05-25 12:02:25,"Have you used #socialmedia to help jobs find you? ""Smart Social Media Helps Jobs Find You"" via @HarvardBiz . http:// ow.ly/b8oT3",38,16,@HarvardBiz,#socialmedia,Reply
101,2012-05-25 10:52:18,@ciarsdublin Yup it's at http:// Facebook.com/LinkedIn .,0,0,@ciarsdublin,,Reply
102,2012-05-24 20:10:15,@CLSEmployerLaw Good luck with your job search. Keep us updated on how things go!,2,2,@CLSEmployerLaw,,Reply
103,2012-05-24 16:45:24,Be a Gutsy Grad: LinkedIn Tips for the Class of 2012 http:// bit.ly/LvjZ2l cc: @LinkedInU #graduation,27,5,@LinkedInU,#graduation,Reply
104,2012-05-24 14:48:30,"""Think like an entrepreneur, act like an employee."" What's your favorite piece of career advice? http:// bit.ly/LjNX6p (via @fastcompany )",23,7,@fastcompany,,Reply
105,2012-05-24 12:42:49,Do stretch goals help or hurt motivation? Join the 300+ who've chimed into this @HarvardBiz LinkedIn Group discussion. http:// bit.ly/Ludf4E,6,1,@HarvardBiz,,Reply
106,2012-05-23 18:18:05,"What tips do you have for LinkedIn newbies? ""The Beginner’s Guide to LinkedIn"" via @mashable . http:// on.mash.to/LgIGwz",26,25,@mashable,,Reply
107,2012-05-22 19:01:19,Do you keep a to-do list at work? Is it handwritten? Learn more about best practices through our research. http:// blog.linkedin.com/2012/05/22/pro fessional-to-do-list/ … #inToDo,28,28,,#inToDo,Announcement
108,2012-05-22 17:11:19,63% of all professionals frequently create to-do lists according to our study. How about you? http:// blog.linkedin.com/2012/05/22/pro fessional-to-do-list/ … #inToDo,24,9,,#inToDo,Announcement
109,2012-05-22 14:10:20,What percentage of your work to-do list have you completed so far today? http:// blog.linkedin.com/2012/05/22/pro fessional-to-do-list/ … #inToDo,8,2,,#inToDo,Announcement
110,2012-05-22 11:30:19,Our study shows agriculture professionals complete more of their to-do lists done than other professionals. http:// blog.linkedin.com/2012/05/22/pro fessional-to-do-list/ … #inToDo,17,2,,#inToDo,Announcement
111,2012-05-22 09:08:16,What's on your professional to-do list today? http:// blog.linkedin.com/2012/05/22/pro fessional-to-do-list/ … #inToDo,16,6,,#inToDo,Announcement
112,2012-05-21 17:20:35,Too old for a LinkedIn photo? Never! LinkedIn profiles with photos are 7x more likely to be viewed. http:// on.wsj.com/KY4YGB (via @WSJ ),55,4,@WSJ,,Reply
113,2012-05-21 12:42:03,". @Cardmunch featured in @USATODAY 's list of ""Tech tools to kickstart your job hunt"". What's your favorite tool? http:// usat.ly/J8JwdO",2,5,@Cardmunch @USATODAY,,Reply
114,2012-05-17 22:45:48,Thanks for sharing our most recent data post on which startups engineers think are hot today. http:// blog.linkedin.com/2012/05/17/top -10-tech-engineering-startups/ …,22,7,,,Announcement
115,2012-05-17 16:19:32,"Here are #s 3 through 6 on our list of hottest startups in engineers' minds. http:// blog.linkedin.com/2012/05/17/top -10-tech-engineering-startups/ … cc: @square , @jack , @cloudera , @pinterest",12,6,@square @jack @cloudera @pinterest,#s,Reply
116,2012-05-17 15:59:10,"What are the top 3 startups to garner attention from engineers in silicon valley? http:// blog.linkedin.com/2012/05/17/top -10-tech-engineering-startups/ … cc: @arista , @nicira , @boxhq , @levie",10,7,@arista @nicira @boxhq @levie,,Reply
117,2012-05-17 10:56:32,Our team crunched some #s on which startups are most interesting to engineers in the bay area. Here's what we found. http:// blog.linkedin.com/2012/05/17/top -10-tech-engineering-startups/ …,9,3,,#s,Announcement
118,2012-05-17 09:01:33,Have you checked out which startups are most attractive to engineers in the valley? http:// blog.linkedin.com/2012/05/17/top -10-tech-engineering-startups/ …,7,2,,,Announcement
119,2012-05-16 19:58:46,Have you checked out our news product's redesign? Check out a post from designer @joannwu - http:// blog.linkedin.com/2012/05/16/lin kedin-today-redesign/ … cc: @linkedintoday,9,6,@joannwu @linkedintoday,,Reply
120,2012-05-16 18:03:54,Special Edition: @LinkedInToday brings you everything you need to know about Facebook's IPO all in one place. http:// linkd.in/Kc8GsQ,16,6,@LinkedInToday,,Reply
121,2012-05-16 14:11:38,6 Things You Need to Know About LinkedIn Recommendations. How many recommendations do you have? http:// on.mash.to/KmBY8M (via @mashable ),44,14,@mashable,,Reply
122,2012-05-16 13:07:16,"""Next play"", our company mantra. Tom McNichol's behind the scenes guest blog truly captures the spirit of LinkedIn. http:// bit.ly/Kmr3vP",4,0,,,Announcement
123,2012-05-15 14:19:01,What's the worst interview question you've heard? Chime in on this active LinkedIn Groups discussion. http:// lnkd.in/kizfnF,6,0,,,Announcement
124,2012-05-15 12:24:04,"“It’s really about building an interesting collection of people around you,” ~ @HeidiRoizen on #networking http:// tnw.co/L3rNoe",24,10,@HeidiRoizen,#networking,Reply
125,2012-05-14 20:01:22,"If you spent 9 minutes a day investing in your career, what would you do? http:// bit.ly/Kb5NqO (via @williamarruda )",31,19,@williamarruda,,Reply
126,2012-05-14 17:44:33,5 workplace etiquette tips for young professionals with advice from @thegirlontop & @greatonthejob . http:// bit.ly/Jr5izk,37,10,@thegirlontop @greatonthejob,,Reply
127,2012-05-14 13:04:09,Excited to introduce LinkedIn for Windows Phone. Take it for a spin & let us know what you think! http:// bit.ly/JbGtri cc: @CohenTomer,22,5,@CohenTomer,,Reply
128,2012-05-11 14:59:46,@LifeOfLulu @McDonalds @RMHC Good luck!,3,0,@LifeOfLulu @McDonalds @RMHC,,Reply
129,2012-05-11 13:10:15,Any of these sound familiar? The 8 Things You Do Wrong On #LinkedIn via @MollyCain http:// onforb.es/KNnkft,34,16,@MollyCain,#LinkedIn,Reply
130,2012-05-11 11:16:59,"Must Watch Video: Our CEO @jeffweiner on ""The Next Human Leap: Closing the Gap Between Talent & Opportunity"" http:// bit.ly/JIPLXh",22,10,@jeffweiner,,Reply
131,2012-05-11 00:36:29,"You should be able to access our stabilized iPad app, while our team works through some final issues. Thanks for your patience!",10,0,,,Announcement
132,2012-05-10 21:35:19,Our iPad app is currently experiencing some issues. The team is working hard to resolve. Stay tuned.,7,1,,,Announcement
133,2012-05-10 17:59:11,"Have you used LinkedIn to get the scoop on new clients or partners? ""LinkedIn: Reading Between the Lines"" via @Inc http:// bit.ly/IFPQKQ",24,4,@Inc,,Reply
134,2012-05-10 16:37:07,@PhilipHotchkiss Maybe you can write rating #249 ;),0,0,@PhilipHotchkiss,#249,Reply
135,2012-05-10 12:57:02,@allianceenviro Exactly ;),1,0,@allianceenviro,,Reply
136,2012-05-10 12:48:24,"""To."" The one-word pocket tweet from our CEO @jeffweiner that kicked off a hilarious Twitter thread last night. http:// read.bi/LqfN2X",14,3,@jeffweiner,,Reply
137,2012-05-10 12:08:50,Thinking about making a career switch? Check out these 8 tips to get started via @greatonthejob . http:// bit.ly/KO3o6D,18,11,@greatonthejob,,Reply
138,2012-05-09 19:27:45,Check out @LinkedInJapan 's navi [JP] to see a professional interview with Japanese actor @Iseya_Yusuke . http:// bit.ly/IZ2tFR,21,13,@LinkedInJapan @Iseya_Yusuke,,Reply
139,2012-05-09 17:32:52,Permanent beta: Why your career is a work in progress. An excerpt worth reading from @StartUpofYou . http:// bit.ly/K3jOZk (via @CNN ),22,8,@StartUpofYou @CNN,,Reply
140,2012-05-09 15:48:47,"Got a LinkedIn recommendation that isn't quite right? Here's some advice on how to handle it, thx to @NBCChicago . http:// bit.ly/IUAHc9",19,13,@NBCChicago,,Reply
141,2012-05-09 15:43:39,@irohan Thanks for the feedback!,0,0,@irohan,,Reply
142,2012-05-09 15:39:58,Great tips on how to be a good boss to your #intern via @thegirlontop . Have any others? http:// bit.ly/IUzQbH,13,10,@thegirlontop,#intern,Reply
143,2012-05-09 15:36:01,"@MichelleNasrah @Jenn_Yen Nice, welcome to LinkedIn!",0,0,@MichelleNasrah @Jenn_Yen,,Reply
144,2012-05-09 13:38:11,"Have you downloaded our iPad app? RT @hillens : whoa, @LinkedIn for iPad is top free app in the App Store http:// twitpic.com/9j6jaz",10,8,@hillens @LinkedIn,,Reply
145,2012-05-09 11:46:25,How important is workplace culture to you when choosing a new job? http:// bit.ly/JfgwTO (Trending story via @LinkedInToday ),32,8,@LinkedInToday,,Reply
146,2012-05-08 12:49:56,Graduation season is here. What career advice do you have for the Class of 2012? http:// on.wsj.com/JcIL5u (via @LinkedInToday ),10,2,@LinkedInToday,,Reply
147,2012-05-07 16:31:44,RT @jeffweiner Had the privilege of speaking to the Bay Area Council re: closing the gap between talent and opportunity http:// lnkd.in/dgsN3U,3,0,@jeffweiner,,Reply
148,2012-05-07 12:36:48,Looking for a job? Check out these great tips & resources for #jobseekers . http:// bit.ly/JbFRMI,55,33,,#jobseekers,Announcement
149,2012-05-05 11:12:17,@Social_Sauce Thanks for the awesome birthday song!,3,1,@Social_Sauce,,Reply
150,2012-05-05 11:00:06,"9 years ago today, LinkedIn was founded on the belief that relationships matter. We are now 161mm members strong thanks to YOU. #linkodemayo",142,18,,#linkodemayo,Announcement
151,2012-05-04 17:28:22,"""How To Sync Your Calendar With LinkedIn's New iPad App"" RT @mejoff Love this video http:// bit.ly/IKyjEU (via @businessinsider )",7,5,@mejoff @businessinsider,,Reply
152,2012-05-04 12:07:49,"Excited to welcome @Slideshare to the LinkedIn family. In case you missed it, here's the official presentation. http:// slidesha.re/IHxfTx",40,8,@Slideshare,,Reply
153,2012-05-03 17:32:19,We're now in the Q&A session. Thanks for joining us in the past hour. Check out the deck from the earnings call here - http://www. slideshare.net/linkedin/linke dins-q1-2012-earnings …,6,4,,,Announcement
154,2012-05-03 17:30:41,"Our CEO, @jeffweiner , led the call with CFO Steve Sordello. In the meanwhile, check out more details here. http:// stks.co/3f8G $ LNKD",2,1,@jeffweiner,,Reply
155,2012-05-03 17:30:22,"Premium Subscriptions revenue accelerated for the eighth straight quarter to $38M, 91% YOY growth. $ LNKD http:// dcl.sr/19y",2,2,,,Announcement
156,2012-05-03 17:30:14,Hiring Solutions remains our largest & fastest growing product area and represented 54% of revenue versus 49% last year http:// dcl.sr/19w,8,4,,,Announcement
157,2012-05-03 17:30:05,"In the first quarter, Hiring Solutions crossed the $100M milestone to $103M, an increase of 121% over the prior yr. http:// dcl.sr/19u",2,2,,,Announcement
158,2012-05-03 17:29:54,"Turning to our financial results, revenue increased by over 100% for the 7th straight quarter to $188 million. $ LNKD http:// dcl.sr/19s",4,2,,,Announcement
159,2012-05-03 17:29:40,"Jeff mentioned that we crossed 161M members in the first quarter, growth of 58% YOY. $ LNKD http:// dcl.sr/19q",4,2,,,Announcement
160,2012-05-03 17:29:30,"Also, here are updates from or CFO Steve Sordello's deep dive into operating metrics and financials. $ LNKD http:// dcl.sr/19o",4,3,,,Announcement
161,2012-05-03 17:28:59,"We added 331 new employees in Q1, with ongoing investment in our team planned for the remainder of 2012. $ LNKD http:// dcl.sr/19m",5,4,,,Announcement
162,2012-05-03 17:28:47,Users have uploaded more than 9M presentations to SlideShare & the platform had ~29M monthly unique visitors. $ LNKD http:// dcl.sr/19k,4,0,,,Announcement
163,2012-05-03 17:27:44,"Lastly, we're excited to announce the acquisition of SlideShare, a leading professional content sharing community. http:// dcl.sr/19i",176,18,,,Announcement
164,2012-05-03 17:27:27,"In the last week of March, 22% of unique visiting members came from mobile devices, up from 8% YOY. $ LNKD http:// dcl.sr/19g",2,0,,,Announcement
165,2012-05-03 17:27:09,"Q1 engagement grew 37% to an average of 102.5M, reaching 107M in March. $ LNKD http:// dcl.sr/19U",3,0,,,Announcement
166,2012-05-03 17:26:55,"Today, 61% of LinkedIn members are now from international markets. $ LNKD http:// dcl.sr/19S",7,1,,,Announcement
167,2012-05-03 17:26:41,Cumulative membership grew 58% YOY to 161M members at the end of Q1 as we continue to add ~ 2 members / second. $ LNKD http:// dcl.sr/19Q,14,0,,,Announcement
168,2012-05-03 17:26:26,"For Q1, overall revenues grew 101% to a record $188M, marking the 7th straight quarter with revenues doubling. $ LNKD http:// dcl.sr/19O",16,1,,,Announcement
169,2012-05-03 17:26:09,"Our CEO, @jeffweiner , led the call with CFO Steve Sordello. In the meanwhile, check out more details here. http:// stks.co/3f8G $ LNKD",1,1,@jeffweiner,,Reply
170,2012-05-03 17:25:25,We'll be sharing the key highlights from our earnings call shortly. Stay tuned for more. $ LNKD http:// dcl.sr/19G,3,1,,,Announcement
171,2012-05-02 14:26:09,"LinkedIn for iPad: @phegaro shares his thoughts with VentureBeat on HTML5 vs. native, node.js, and responsive design. http:// venturebeat.com/2012/05/02/lin kedin-ipad-app-engineering/#s:1-linkedin-ipad …",27,12,@phegaro,#s,Reply
172,2012-05-02 14:33:17,10 Tips For Keeping Your LinkedIn and Business Connections Fresh http:// bit.ly/In5CdH (via @fastcompany ),35,20,@fastcompany,,Reply
173,2012-05-02 13:41:47,9 Smart Negotiating Tips @SelenaRezvani Just Gave LinkedIn Employees http:// read.bi/JpILMp (via @businessinsider ) #inDay,12,11,@SelenaRezvani @businessinsider,#inDay,Reply
174,2012-05-02 12:03:51,The site is back up and running! Thanks for your patience and feel free to tweet us if you are still having any issues accessing the site.,9,2,,,Announcement
175,2012-05-02 11:02:30,Some of you may be experiencing intermittent problems with the site. Our team is aware of it and are working on it right now. Stay tuned.,24,2,,,Announcement
176,2012-05-01 19:47:41,5 Tips to Build and Grow Your #LinkedIn Network via @smexaminer . What are your best tips? http:// ow.ly/aDJI9,26,21,@smexaminer,#LinkedIn,Reply
177,2012-05-01 16:33:07,"Agree or disagree? ""Regardless of your job description, your real job is to make your boss successful."" http:// ow.ly/aDwFJ (via @Inc )",45,9,@Inc,,Reply
178,2012-05-01 14:36:52,"""5 LinkedIn Features You May Not (But Should) Know About"" on @CIOonline http:// ow.ly/aDnfu (via @KristaCanfield )",20,17,@CIOonline @KristaCanfield,,Reply
179,2012-04-30 11:59:30,"What do women care about at work? The issues, trends and stories worth talking about in our new Special Edition http:// linkd.in/ProWomenSE .",18,4,,,Announcement
180,2012-04-30 16:12:26,Are you using LinkedIn to help you find a job? Great tips for #jobseekers by @SusanAdamsNYC @Forbes . http:// ow.ly/aC521,37,31,@SusanAdamsNYC @Forbes,#jobseekers,Reply
181,2012-04-30 14:39:19,Citi and LinkedIn Launch “Connect: Professional Women’s Network”. Join to share your success stories! http:// ow.ly/aBWPn,18,2,,,Announcement
182,2012-04-30 13:06:59,Join us live NOW as @selenarezvani shares tips on becoming a fierce negotiator. http:// ow.ly/aBNt6 #inDay,3,2,@selenarezvani,#inDay,Reply
183,2012-04-30 12:04:44,Join us in 1 hour when author @selenarezvani shares negotiating tips at LinkedIn HQ. Tweet us any questions! http:// ow.ly/az7UG #inDay,10,2,@selenarezvani,#inDay,Reply
184,2012-04-27 17:01:39,What tools do you use to manage your career? Check out what @quixotic has to say related to the @StartUpofYou . http:// youtu.be/6xM3j4dMCaI,10,13,@quixotic @StartUpofYou,,Reply
185,2012-04-27 15:00:47,Great insights from @scootrous . RT @technorati : “What Do We Do with All This Data?” According to @LinkedIn http:// technorati.com/technology/art icle/what-do-we-do-with-all/ …,6,5,@scootrous @technorati @LinkedIn,,Reply
186,2012-04-27 13:30:53,"Join us live on Monday, 4/30 as author @selenarezvani shares tips on negotiating. Tweet us your questions. http:// ow.ly/aupxa #inday",5,0,@selenarezvani,#inday,Reply
187,2012-04-27 12:38:25,"""This is the year of the mobile professional."" ~ @deepnishar on CNBC discussing launch of LinkedIn for iPad. http:// ow.ly/ayUQE",30,1,@deepnishar,,Reply
188,2012-04-26 18:20:37,"""LinkedIn knocks it out of the park in terms of providing professionals with a simple visually stunning app."" http://www. cultofmac.com/163323/linkedi ns-new-ios-app-is-a-must-have/ … #ipadapp",36,8,,#ipadapp,Announcement
189,2012-04-26 14:46:26,"@connoredwards Nice, thanks!",2,0,@connoredwards,,Reply
190,2012-04-26 14:45:04,@TonyStocco Yes LinkedIn for iPad! We just launched it. Download & let us know what you think! http:// bit.ly/K9Nq6x,1,0,@TonyStocco,,Reply
191,2012-04-26 14:44:03,@bradleybclark We do now! We just launched LinkedIn for iPad. Download it & let us know what you think! http:// bit.ly/K9Nq6x,0,0,@bradleybclark,,Reply
192,2012-04-26 14:43:23,@connoredwards We just launched LinkedIn for iPad. Download it & let us know what you think! http:// bit.ly/K9Nq6x,1,0,@connoredwards,,Reply
193,2012-04-26 14:42:38,@layer7__ It is here! We just launched LinkedIn for iPad. Download it & let us know what you think! http:// bit.ly/K9Nq6x,1,0,@layer7__,,Reply
194,2012-04-26 14:40:44,@thomjeff We just launched LinkedIn for iPad. Download it & let us know what you think! http:// bit.ly/K9Nq6x,0,0,@thomjeff,,Reply
195,2012-04-26 14:36:52,"@twcau You asked for it, so we delivered! We just launched LinkedIn for iPad. Download it & let us know what you think! http:// bit.ly/K9Nq6x",0,0,@twcau,,Reply
196,2012-04-26 14:34:12,@adrianbruce Did you download the iPad version of the app?,0,0,@adrianbruce,,Reply
197,2012-04-26 11:30:27,"“LinkedIn’s surprisingly sexy new iPad app shows this company gets mobile.” by @venturebeat http:// venturebeat.com/2012/04/25/lin kedin-sexy-say-what/#s:1-linkedin-ipad … , cc: @jolieodell",16,6,@venturebeat @jolieodell,#s,Reply
198,2012-04-26 11:00:28,"“LinkedIn gets new Android and iOS apps, with a spectacular iPad version. The iPad app is an absolute standout.” - @tnw http:// thenextweb.com/socialmedia/20 12/04/26/linkedin-gets-new-android-and-ios-apps-with-a-spectacular-ipad-version/ …",22,3,@tnw,,Reply
199,2012-04-26 10:40:27,Rise and Shine! Those of you who missed the news last night may wish to check out our brand new iPad app. http:// itunes.apple.com/us/app/linkedi n/id288429040?mt=8 …,104,23,,,Announcement
200,2012-04-26 10:22:15,We'll be tweeting out some of the reactions to our iPad app over the next few hours. @verge reviews the app here - http://www. theverge.com/2012/4/26/2976 292/linkedin-ipad-app-retina-graphics-calendar-syncing …,4,1,@verge,,Reply
201,2012-04-26 04:01:17,"Those of you who've stayed up late and are using an iPad, check out our newly launched iPad app. http:// blog.linkedin.com/2012/04/26/lin kedin-ipad/ …",39,6,,,Announcement
202,2012-04-26 00:59:46,@mediaguy It is a no brainer. We just launched LinkedIn for iPad. Download it & let us know what you think! http:// bit.ly/K9Nq6x,3,0,@mediaguy,,Reply
203,2012-04-26 00:52:18,@jkaufenberg Not really. We just launched LinkedIn for iPad. Download it & let us know what you think! http:// bit.ly/K9Nq6x,0,0,@jkaufenberg,,Reply
204,2012-04-26 00:51:26,@g_p_design Check out our openings at http:// careers.linkedin.com .,0,1,@g_p_design,,Reply
205,2012-04-26 00:49:36,@stevenmanning Good timing. We actually just launched LinkedIn for iPad. Download it & let us know what you think! http:// bit.ly/K9Nq6x,0,0,@stevenmanning,,Reply
206,2012-04-26 00:47:17,@nahumg We just launched LinkedIn for iPad. Download it & let us know what you think! http:// bit.ly/K9Nq6x,0,0,@nahumg,,Reply
207,2012-04-26 00:47:08,@CraigCamp Time to take us seriously ;) We just launched LinkedIn for iPad. Download it & let us know what you think! http:// bit.ly/K9Nq6x,0,0,@CraigCamp,,Reply
208,2012-04-26 00:46:45,"@StephenTiano Actually, there is! We just launched LinkedIn for iPad. Download it & let us know what you think! http:// bit.ly/K9Nq6x",0,1,@StephenTiano,,Reply
209,2012-04-26 00:46:20,@TonyaHallRadio We just launched LinkedIn for iPad. Download it & let us know what you think! http:// bit.ly/K9Nq6x,0,0,@TonyaHallRadio,,Reply
210,2012-04-26 00:46:01,@dallant We just launched LinkedIn for iPad. Download it & let us know what you think! http:// bit.ly/K9Nq6x,0,0,@dallant,,Reply
211,2012-04-26 00:45:44,@MeghaGhosh @irohan We just launched LinkedIn for iPad. Download it & let us know what you think! http:// bit.ly/K9Nq6x,0,0,@MeghaGhosh @irohan,,Reply
212,2012-04-26 00:45:28,@bradberens We do now! We just launched LinkedIn for iPad. Download it & let us know what you think! http:// bit.ly/K9Nq6x,0,0,@bradberens,,Reply
213,2012-04-26 00:44:58,@mumblr We just launched LinkedIn for iPad. Download it & let us know what you think! http:// bit.ly/K9Nq6x,0,0,@mumblr,,Reply
214,2012-04-26 00:44:09,@adrianbruce We just launched LinkedIn for iPad. Download it & let us know what you think! http:// bit.ly/K9Nq6x,0,0,@adrianbruce,,Reply
215,2012-04-26 00:43:58,@shahaakashp We do now! We just launched LinkedIn for iPad. Download it & let us know what you think! http:// bit.ly/K9Nq6x,0,0,@shahaakashp,,Reply
216,2012-04-26 00:43:45,@paulruk We just launched LinkedIn for iPad. Download it & let us know what you think! http:// bit.ly/K9Nq6x,0,0,@paulruk,,Reply
217,2012-04-26 00:43:29,@todompol07 We do now! We just launched LinkedIn for iPad. Download it & let us know what you think! http:// bit.ly/K9Nq6x,0,0,@todompol07,,Reply
218,2012-04-26 00:43:18,@jayamyler We just launched LinkedIn for iPad. Download it & let us know what you think! http:// bit.ly/K9Nq6x,1,0,@jayamyler,,Reply
219,2012-04-26 00:43:03,@tomloverro We just launched LinkedIn for iPad. Download it & let us know what you think! http:// bit.ly/K9Nq6x,0,0,@tomloverro,,Reply
220,2012-04-26 00:42:36,@CraigsArizona Couldn't agree more. Just launched LinkedIn for iPad tonight. Download it & let us know what you think! http:// bit.ly/K9Nq6x,0,0,@CraigsArizona,,Reply
221,2012-04-26 00:27:53,@daveixd Wanted you to be one of the first to know we launched LinkedIn for iPad. Let us know what you think! http:// bit.ly/K9Nq6x,0,0,@daveixd,,Reply
222,2012-04-26 00:27:37,@shiraabel Wanted you to be one of the first to know we launched LinkedIn for iPad. Let us know what you think! http:// bit.ly/K9Nq6x,0,0,@shiraabel,,Reply
223,2012-04-26 00:26:02,@duggiel Wanted you to be one of the first to know we launched LinkedIn for iPad. Let us know what you think! http:// bit.ly/K9Nq6x,0,0,@duggiel,,Reply
224,2012-04-26 00:13:59,For all you iPad users staying up late... Surprise! We just launched our iPad app. Download it now. http:// blog.linkedin.com/2012/04/26/lin kedin-ipad/ …,119,12,,,Announcement
225,2012-04-25 20:06:46,Know what you can do on LinkedIn? 13 things. Count 'em: http://www. businessinsider.com/how-to-use-lin kedin-2012-4 … via @businessinsider and @LinkedInToday,27,23,@businessinsider @LinkedInToday,,Reply
226,2012-04-25 19:35:04,Do you run a LinkedIn group? Sign up for our free webinar on Groups next Thursday! http:// learn.linkedin.com/training,17,13,,,Announcement
227,2012-04-25 12:23:41,"Companies are encouraging employees to doodle - presumably for creative solutions, and not the next Dilbert: http:// online.wsj.com/article/SB1000 1424052702303978104577362402264009714.html …",22,6,,,Announcement
228,2012-04-25 11:42:40,@lindsaybayuk Indeed :),0,0,@lindsaybayuk,,Reply
229,2012-04-25 11:42:04,@mani_nar Check out our open positions on our Careers site at http:// careers.linkedin.com / .,0,0,@mani_nar,,Reply
230,2012-04-25 11:34:27,"Help us help #interns ! When hiring entry level employees, what do you look for in their LinkedIn profiles?",13,4,,#interns,Announcement
231,2012-04-24 16:00:28,Author @selenarezvani will be sharing negotiation tips at LinkedIn HQ on 4/30 at 10am PT. Join us live at http:// ow.ly/auoKd . #inday,10,0,@selenarezvani,#inday,Reply
232,2012-04-24 13:47:33,@mmohideen @IARSprint Thanks for the support!,1,1,@mmohideen @IARSprint,,Reply
233,2012-04-24 13:33:38,PHOTOS: LinkedIn Hong Kong office is now open for business. http:// flic.kr/s/aHsjzBixGT,8,0,,,Announcement
234,2012-04-23 23:35:25,"Excited to announce that we opened our newest office in Hong Kong today, our 9th in the Asia Pacific Region. http:// ow.ly/atmuW #in",49,2,,#in,Announcement
235,2012-04-23 19:14:45,Check out @lindseypollak 's LinkedIn Groups tips for beginners? RT if you find it useful. http:// blog.linkedin.com/2012/04/23/lin kedin-groups-tips-2/ …,14,7,@lindseypollak,,Reply
236,2012-04-23 16:10:19,Do you have an extraordinary boss? 8 core beliefs of extraordinary bosses. http:// ow.ly/asWer (via @Inc ),36,13,@Inc,,Reply
237,2012-04-23 12:09:55,VIDEO: Exclusive @BBCBusiness interview with our CEO @jeffweiner on leading the field. http:// ow.ly/asw9S,6,1,@BBCBusiness @jeffweiner,,Reply
238,2012-04-20 18:39:48,"Do you spend time managing your ""personal brand""? Hear @quixotic on how it relates to the @StartUpofYou : http:// youtu.be/1419ltWPBDU",24,20,@quixotic @StartUpofYou,,Reply
239,2012-04-20 13:20:58,We're celebrating Earth Day for today's inDay! Check out this time lapse of our Earth week t-shirts and posters: http:// vimeo.com/40693173,12,2,,,Announcement
240,2012-04-19 19:47:57,3 ways to get the most out of your #internship via @thegirlontop . What advice do you have for interns? http:// ow.ly/aoLGc,24,9,@thegirlontop,#internship,Reply
241,2012-04-19 14:01:37,"@ladyguenwyvar @LinkedInToday @haydn1701 Nice, great to hear!",1,0,@ladyguenwyvar @LinkedInToday @haydn1701,,Reply
242,2012-04-19 11:04:33,Do you start your day reading news on @LinkedInToday ? http:// ow.ly/ao2WH (via @haydn1701 ),18,3,@LinkedInToday @haydn1701,,Reply
243,2012-04-18 17:55:05,"Do you want to work for LinkedIn? We've got positions open around the world. Meet our Int'l HR director, Connie Gibney! http:// youtu.be/fyv4CJGavlw",55,31,,,Announcement
244,2012-04-17 16:12:58,Agree or disagree? You should never take a counteroffer at your current company. http:// ow.ly/alsA5 (via @YahooNews ),15,4,@YahooNews,,Reply
245,2012-04-16 18:05:18,"@Max_Hersey Nice, that's what we like to hear.",0,0,@Max_Hersey,,Reply
246,2012-04-16 17:28:24,Kicking off Earth Week at LinkedIn HQ by test driving electric vehicles. What are you doing for #EarthWeek ? pic.twitter.com/FK6Ps2H9,12,4,,#EarthWeek,Announcement
247,2012-04-16 13:50:04,Moneyball and the HR Department. How big data is changing the way #HR professionals make decisions. http:// ow.ly/ajzLG (via @londonjames ),18,6,@londonjames,#HR,Reply
248,2012-04-13 18:34:01,Do you learn better from others or from experience? Hear @quixotic 's answer on his own start-ups and investments! http:// youtu.be/8UTVSsBbTvw #tech,4,5,@quixotic,#tech,Reply
249,2012-04-13 12:41:37,Seven words: LinkedIn's Timeless Guide To Small Business Success http:// smb.linkedincreatives.com #smb #entrepreneurs #economy,14,11,,#smb #entrepreneurs #economy,Announcement
250,2012-04-12 17:05:07,"@charliecurve Awesome, glad you're liking it!",4,0,@charliecurve,,Reply
251,2012-04-12 15:57:48,"Indeed! MT @davidcomp : According to @LinkedIn my 750 connections link me to 7,224,273+ professionals...the possibilities are endless.",5,0,@davidcomp @LinkedIn,,Reply
252,2012-04-12 15:30:36,"""Is a fun office really more important than a higher salary?"" Join the discussion on @HarvardBiz 's LinkedIn Group. http:// lnkd.in/tuxhKR",19,0,@HarvardBiz,,Reply
253,2012-04-11 15:37:49,Business schools encourage students to be active on LinkedIn during #job hunt. http:// ow.ly/adAgM (via @USNewsEducation ),39,5,@USNewsEducation,#job,Reply
254,2012-04-09 21:19:00,Got friends who have moved to a new city? Share Jodi Glickman's ( @greatonthejob ) tips for a successful job search. http:// blog.linkedin.com/2012/04/09/mov ing-cross-country-jobs/ …,17,6,@greatonthejob,,Reply
255,2012-04-09 18:18:10,Jodi Glickman ( @greatonthejob ) shares her career tips on successfully finding a job right after moving to a new city. http:// blog.linkedin.com/2012/04/09/mov ing-cross-country-jobs/ …,13,9,@greatonthejob,,Reply
256,2012-04-09 13:06:54,Start the week strong. Here are 8 tips on launching a successful job search - cross country? http:// blog.linkedin.com/2012/04/09/mov ing-cross-country-jobs/ …,20,7,,,Announcement
257,2012-04-09 11:46:05,@DaveKerpen That's what our @linkedintoday team likes to hear. Thanks!,2,0,@DaveKerpen @linkedintoday,,Reply
258,2012-04-06 16:55:26,LinkedIn's @quixotic drew on a range of experiences to write The @StartUpofYou . Where are your experiences pointing? http:// youtu.be/L7TQmsD2z7E,9,2,@quixotic @StartUpofYou,,Reply
259,2012-04-06 15:41:05,Anyone going on an egg hunt this weekend? pic.twitter.com/bwxuyCzv,14,3,,,Announcement
260,2012-04-06 15:03:01,@lindseypollak on how to use LinkedIn Company Pages to help with your Job Search - http:// blog.linkedin.com/2012/04/05/com pany-pages-jobs/ …,4,0,@lindseypollak,,Reply
261,2012-04-06 12:02:01,Must-read tips on job search using LinkedIn Company Pages - http:// blog.linkedin.com/2012/04/05/com pany-pages-jobs/ …,18,11,,,Announcement
262,2012-04-06 09:02:01,Did you read @lindseypollak ’s post from yesterday on using LinkedIn Company Pages to help with your Job Search: http:// blog.linkedin.com/2012/04/05/com pany-pages-jobs/ …,13,6,@lindseypollak,,Reply
263,2012-04-05 22:01:59,"For those who missed this, @lindseypollak on how @linkedin company pages can help your job search - http:// blog.linkedin.com/2012/04/05/com pany-pages-jobs/ …",13,13,@lindseypollak @linkedin,,Reply
264,2012-04-05 21:07:59,LinkedIn Company Pages is a great new tool to use in your job hunt. @lindseypollak ’s tips may help. http:// blog.linkedin.com/2012/04/05/com pany-pages-jobs/ …,16,8,@lindseypollak,,Reply
265,2012-04-05 19:41:08,"Unusual skill of the week: ""Found Objects"". Looks like Marcel Duchamp could've found work in this economy! http://www. linkedin.com/skills/skill/F ound_Objects … #skills #art",5,0,,#skills #art,Announcement
266,2012-04-05 19:32:39,@stevenstiefel Have you tried our free Job Seeker seminar? It might help you get your money's worth! Next is Apr 11: http:// learn.linkedin.com/jobseeker,0,0,@stevenstiefel,,Reply
267,2012-04-05 18:16:58,Do you have friends who are looking for a job. You may wanna share these tips with them - http:// blog.linkedin.com/2012/04/05/com pany-pages-jobs/ …,54,30,,,Announcement
268,2012-04-05 15:55:59,Have you fully utilized LinkedIn Company Pages in your job search? http:// blog.linkedin.com/2012/04/05/com pany-pages-jobs/ …,15,7,,,Announcement
269,2012-04-05 13:54:40,Check out our post of the day. @lindseypollak on “How to use LinkedIn Company Pages to help with your Job Search” - http:// blog.linkedin.com/2012/04/05/com pany-pages-jobs/ …,13,10,@lindseypollak,,Reply
270,2012-04-04 19:11:12,@Kimlegal Sounds like you've had lots of practice between those two professions!,3,0,@Kimlegal,,Reply
271,2012-04-04 19:10:17,@JennaHannon Leverage is key to an enjoyable negotiation! :),0,0,@JennaHannon,,Reply
272,2012-04-04 18:45:15,Question for our women followers: Do you like to negotiate? Our study says that 1 in 4 prefer to skip it: http:// onforb.es/HddUV1 via @Forbes,41,14,@Forbes,,Reply
273,2012-04-04 14:12:23,@ladyhappy Thanks Lauren! Our friends at @LinkedInToday are glad to hear it!,2,0,@ladyhappy @LinkedInToday,,Reply
274,2012-04-04 12:35:33,Thanks to @Mashable for these great ideas on how to use LinkedIn with a company website. Have you tried any of these? http:// mashable.com/2012/04/03/lin kedin-website-plugins …,23,12,@Mashable,,Reply
275,2012-04-03 18:33:00,"Have you checked out @bradmauney 's post on LinkedIn's new group search. Now, we've made it easier to find great groups http:// blog.linkedin.com/2012/04/03/new -group-search/ …",14,2,@bradmauney,,Reply
276,2012-04-03 17:50:11,You guys have to check out our new LinkedIn Group Search functionality. Here's a post from product lead @bradmauney http:// blog.linkedin.com/2012/04/03/new -group-search/ …,7,3,@bradmauney,,Reply
277,2012-04-03 12:00:07,Have you tried out the new LinkedIn integration with Payscale? You can check it out on their site right now. http://www. payscale.com/linkedin,16,8,,,Announcement
278,2012-04-03 11:00:06,"If you haven't seen our new post on how to negotiate like a pro, here it is http:// blog.linkedin.com/2012/04/03/neg otiating-tips/ … (by guest author @selenarezvani )",12,15,@selenarezvani,,Reply
279,2012-04-03 09:55:32,"RT @selenarezvani What a thrill to collab w/ LinkedIn on this negotiating survey! Check out the results, out today: http:// press.linkedin.com/node/1169",2,0,@selenarezvani,,Reply
280,2012-04-03 09:30:32,Here's our new post on 7 Tips to help Professionals Negotiate like Ninjas http:// blog.linkedin.com/2012/04/03/neg otiating-tips/ … by @selenarezvani,17,4,@selenarezvani,,Reply
281,2012-04-03 03:00:18,Sprechen Sie Deutsch? Follow @LinkedInDACH for German language news and updates!,13,2,@LinkedInDACH,,Reply
282,2012-04-02 19:15:38,Steal these 5 #hiring tips from a Google recruiter. Including using #LinkedIn to connect with talent. http:// ow.ly/a2oTV (via @Inc ),31,19,@Inc,#hiring #LinkedIn,Reply
283,2012-04-02 15:34:52,Welcome Polish speakers to LinkedIn! RT @nposner : LinkedIn launches Polish http:// lnkd.in/ayXRCS,15,1,@nposner,,Reply
284,2012-04-02 11:21:26,All of you should have access to the site. We've been back up for some time now. Thanks for your patience.,8,1,,,Announcement
285,2012-04-02 11:01:33,We're aware of issues some of you're having accessing the site. Our team is working hard at fixing it. Thanks for your patience. Stay tuned.,36,3,,,Announcement
286,2012-03-30 18:37:59,Can you be entrepreneurial when you're an employee? Here's LinkedIn Chairman & Co-founder @quixotic 's perspective: http:// youtu.be/7s41RDK-ChY,22,10,@quixotic,,Reply
287,2012-03-30 14:17:18,Sprechen Sie Deutsch? Folgen Sie uns auf Twitter at @LinkedInDACH !,8,3,@LinkedInDACH,,Reply
288,2012-03-29 14:55:15,If you're a publisher or blogger you may want to check out our tips on maximizing LinkedIn Groups. http:// blog.linkedin.com/2012/03/29/lin kedin-groups-publishers/ …,9,14,,,Announcement
289,2012-03-29 14:30:18,What are the biggest interview mistakes people make? Results of #LinkedIn poll revealed on @businessinsider . http:// ow.ly/9XpEk,39,10,@businessinsider,#LinkedIn,Reply
290,2012-03-29 11:51:24,Employees around the world spent our last #inDay focused on helping people achieve their career aspirations. Learn more http:// ow.ly/9XpzH,13,1,,#inDay,Announcement
291,2012-03-29 02:09:08,8 Tips for Publishers and Blogs on how best to use LinkedIn Groups - http:// blog.linkedin.com/2012/03/29/lin kedin-groups-publishers/ …,32,8,,,Announcement
292,2012-03-29 01:43:20,Check out a post on our most recent InDay. It's got pics too. http:// blog.linkedin.com/2012/03/29/asp ire-linkedin-to-your-future/ …,1,8,,,Announcement
293,2012-03-28 18:36:01,Have you seen the new People You May Know announced yesterday? Take a quick look in this video: http:// youtu.be/JmvumZbpaNI #pymk,8,4,,#pymk,Announcement
294,2012-03-28 18:18:01,Guess who's now the top social networking app in the App Store? Get it now at http:// itunes.apple.com/us/app/linkedi n/id288429040 … or http:// linkedin.com/mobile for other phones!,10,1,,,Announcement
295,2012-03-27 15:56:49,@erinteague Thanks! Will you be joining us for DevelopHer Hackday?,0,0,@erinteague,,Reply
296,2012-03-27 15:55:05,"Our new ""People You May Know"" makes it easier for you to grow your professional network. Try it out today! http:// ow.ly/9ULeO",29,6,,,Announcement
297,2012-03-27 15:42:01,@cipisec @UnsungHero97 Infographic is back up and running now. Check it out at http:// ow.ly/9UKgS .,1,1,@cipisec @UnsungHero97,,Reply
298,2012-03-27 12:51:19,@cipisec Thanks for letting us know. We're working on it.,2,0,@cipisec,,Reply
299,2012-03-27 12:49:40,@unsunghero97 Sorry about that. We are working on it. Stay tuned.,0,0,@unsunghero97,,Reply
300,2012-03-27 12:42:59,[INFOGRAPHIC] 3 out of 4 members use #LinkedIn to keep up on business news or research companies. http:// ow.ly/9UtAP (via @AdsonLinkedIn ),17,4,@AdsonLinkedIn,#LinkedIn,Reply
301,2012-03-26 14:35:38,8 mistakes to avoid in an online job interview. What's your best online video #interview tip? http:// ow.ly/9T5oc (via @CBSMoneyWatch ),28,13,@CBSMoneyWatch,#interview,Reply
302,2012-03-26 14:21:19,@digitalplanner Thanks! Our @LinkedInHelp team is blushing.,0,0,@digitalplanner @LinkedInHelp,,Reply
303,2012-03-26 12:34:09,Happiest job in America is Software QA Engineer according to @CareerBliss . Did your job make the top 20 list? http:// ow.ly/9ST3r,33,6,@CareerBliss,,Reply
304,2012-03-23 20:49:21,@bombaybadboy79 Almost! More info at http:// press.linkedin.com/about .,6,2,@bombaybadboy79,,Reply
305,2012-03-23 19:50:16,Color[in] at LinkedIn! Celebrating Holi at our HQ with streams of colors everywhere. #inday pic.twitter.com/oRqhLUwX,10,2,,#inday,Announcement
306,2012-03-23 18:01:34,Not lying may be a no-brainer. But here are 9 other tips to get the most out of LinkedIn! via @Forbes & @LinkedInToday : http:// onforb.es/GQWNK4,27,17,@Forbes @LinkedInToday,,Reply
307,2012-03-23 17:30:16,"If UNC, NC State, Ohio, Kansas had to engineer an actual road to the finals, which school has advantage? http:// lnkd.in/hoops4 #marchmadness",1,4,,#marchmadness,Announcement
308,2012-03-23 14:00:33,"Kentucky, Indiana, Baylor, Xavier made it to next round, but which school has the most CEOs on LinkedIn? http:// lnkd.in/hoops3 #marchmadness",7,3,,#marchmadness,Announcement
309,2012-03-23 11:28:55,Would you consider kindness a business strategy? Or just the right thing to do? http:// blogs.hbr.org/cs/2012/03/is_ kindness_a_strategy.html … via @LinkedInToday & @HarvardBiz,17,2,@LinkedInToday @HarvardBiz,,Reply
310,2012-03-22 23:25:22,"Great job, Syracuse! Visit LinkedIn Alumni to see who in your network is just a bit happier today. http:// lnkd.in/hoops6 #marchmadness",8,5,,#marchmadness,Announcement
311,2012-03-22 23:22:01,Congrats to Louisville! Visit LinkedIn Alumni to see who in your network is just a bit happier today. http:// lnkd.in/hoops5 #marchmadness,3,0,,#marchmadness,Announcement
312,2012-03-22 17:30:07,". @MSU_Basketball , @UofLSports , @MUAthletics_MBB , @GatorZoneMBK . Who has home court advantage in Phoenix? http:// lnkd.in/hoops1 #marchmadness",7,1,@MSU_Basketball @UofLSports @MUAthletics_MBB @GatorZoneMBK,#marchmadness,Reply
313,2012-03-22 14:30:14,"Syracuse, Wisconsin, Cincy, OSU. Which alumni have the most ""basketball"" in their #LinkedIn profiles. http:// lnkd.in/hoops2 #marchmadness",6,1,,#LinkedIn #marchmadness,Announcement
314,2012-03-22 11:34:23,Success! @erwwpr used LinkedIn to reach 'Ellen' show producers to offer tap-dancing student paid internship & housing. http:// ow.ly/9OBpo,11,1,@erwwpr,,Reply
315,2012-03-21 15:09:27,Have you ever been asked for your account passwords during a job interview? Story via @LinkedInToday & @YahooFinance http:// finance.yahoo.com/news/job-seeke rs-getting-asked-facebook-080920368.html …,1,0,@LinkedInToday @YahooFinance,,Reply
316,2012-03-21 13:56:26,Our monthly inDay has been selected as one of one of the best HR ideas of 2012! Updated link: http://www. hreonline.com/HRE/story.jsp? storyId=533345802 … via #HREOnline,8,3,,#HREOnline,Announcement
317,2012-03-21 13:55:41,@PawnAmerica Thanks for the heads up! Apparently that site doesn't load without the 'www'.,0,0,@PawnAmerica,,Reply
318,2012-03-21 12:31:23,Our monthly inDay has been selected as one of one of the best HR ideas of 2012! http:// hreonline.com/HRE/story.jsp? storyId=533345802 … via #HREOnline,6,0,,#HREOnline,Announcement
319,2012-03-20 21:07:26,Check out a recent research study from one of our interns on the growth of social networking in emerging economies. http:// blog.linkedin.com/2012/03/21/dev eloping-countries/ …,25,13,,,Announcement
320,2012-03-20 16:02:11,90% of @Reconverse's revenue comes from their #LinkedIn community. Find out more: http:// ow.ly/9M3nk cc: @AdsonLinkedIn,5,2,@Reconverse @AdsonLinkedIn,#LinkedIn,Reply
321,2012-03-20 12:25:43,Time to spring clean your career! Freshen up your #LinkedIn profile with great tips by @KristaCanfield on @Forbes . http:// ow.ly/9LInq,28,8,@KristaCanfield @Forbes,#LinkedIn,Reply
322,2012-03-19 15:29:34,How #LinkedIn Makes Online Meetings More Efficient via @SalesCrunch CEO @SeanBlack http:// blog.linkedin.com/2012/03/19/sal escrunch-post/ … #in,8,3,@SalesCrunch @SeanBlack,#LinkedIn #in,Reply
323,2012-03-18 16:59:02,RT @linkedintoday : They say you shouldn't burn your bridges. But is it ever the right move? Vote on our Sunday Poll: http:// linkd.in/FSJrrP .,4,4,@linkedintoday,,Reply
324,2012-03-16 20:45:54,"If you’ve a friend who’s looking for a job, refer them to @lindseypollak ’s post - http:// blog.linkedin.com/2012/03/16/ove r-50-job-seekers-tips/ …",20,12,@lindseypollak,,Reply
325,2012-03-16 19:44:54,Check out really useful tips for over-50 job seekers and share with your peers - http:// blog.linkedin.com/2012/03/16/ove r-50-job-seekers-tips/ … by @lindseypollak,11,6,@lindseypollak,,Reply
326,2012-03-16 18:50:54,"""We owe it to society to let them get the benefits of the technology we've invented."" - @JrandomF at today's #inDay pic.twitter.com/nDoyuuCP",9,0,@JrandomF,#inDay,Reply
327,2012-03-16 18:03:54,@heymarci asks over-50 job seekers: “Are your skills up to snuff for the kinds of positions you're interested in?” http:// blog.linkedin.com/2012/03/16/ove r-50-job-seekers-tips/ …,0,0,@heymarci,,Reply
328,2012-03-16 17:19:14,"""The technology that you help to create has all this potential for making social impact."" - @JrandomF live now: http:// ow.ly/9EKKJ #inDay",3,2,@JrandomF,#inDay,Reply
329,2012-03-16 17:16:28,"""What happens if there is this really cool application of socially good technology, but its market is only $25M worldwide?"" @jrandomF #inDay",4,0,@jrandomF,#inDay,Reply
330,2012-03-16 17:00:31,Join us live NOW as @JRandomF from @Benetech speaks at #LinkedIn on #SocialCoding4Good . http:// ow.ly/9EKKJ #inday,4,2,@JRandomF @Benetech,#LinkedIn #SocialCoding4Good #inday,Reply
331,2012-03-16 16:42:54,"One more tip for over-50 job seekers. Use LinkedIn’s Alumni feature. For more tips and tricks, go here - http:// blog.linkedin.com/2012/03/16/ove r-50-job-seekers-tips/ …",5,3,,,Announcement
332,2012-03-16 15:04:54,Over 50 job seeker? Check out LinkedIn Apps to showcase tech savvy on profile. See more tips here from @lindseypollak - http:// blog.linkedin.com/2012/03/16/ove r-50-job-seekers-tips/ …,9,2,@lindseypollak,,Reply
333,2012-03-16 14:49:06,Happy St. Patrick's Day Eve from LinkedIn Dublin! #stpatricksday pic.twitter.com/4TAUCdQf,42,9,,#stpatricksday,Announcement
334,2012-03-16 13:17:54,"Here's some useful tips on networking for over-50 job seekers, from our career expert ( @lindseypollak ) - http:// blog.linkedin.com/2012/03/16/ove r-50-job-seekers-tips/ …",11,7,@lindseypollak,,Reply
335,2012-03-16 13:00:23,Join us today at 2pm PST as @JRandomF from @Benetech speaks at #LinkedIn on #SocialCoding4Good . http:// ow.ly/9EKDX #inday,2,1,@JRandomF @Benetech,#LinkedIn #SocialCoding4Good #inday,Reply
336,2012-03-16 12:17:42,Are you a job seeker over 50? Lindsey Pollak has some tips to help in your job search. http:// blog.linkedin.com/2012/03/16/ove r-50-job-seekers-tips … #LIblog,20,9,,#LIblog,Announcement
337,2012-03-15 18:05:30,22 Executives Share the Best Advice They Ever Got via @businessinsider http:// ow.ly/9Gyq8,26,8,@businessinsider,,Reply
338,2012-03-15 11:43:37,Study finds people lie less on #LinkedIn profiles than traditional resumes. Have you noticed this? http:// ow.ly/9G0fs (via @USATODAY ),38,5,@USATODAY,#LinkedIn,Reply
339,2012-03-14 18:25:43,"“ @jeffweiner : I to the (power of) We -- As your professional network grows, so do your career opportunities http:// lnkd.in/3Xiz2C ”",7,2,@jeffweiner,,Reply
340,2012-03-14 18:04:01,"@alizaearnshaw @morecontrary Interesting idea, will pass along to our Product team.",0,0,@alizaearnshaw @morecontrary,,Reply
341,2012-03-14 17:11:44,new post: I to the We – What is the true reach of your LinkedIn Network? http:// bit.ly/xWfQPk #in,10,4,,#in,Announcement
342,2012-03-14 16:58:52,@franknam We sure are! We have some awesome content editors @LinkedInToday .,0,0,@franknam @LinkedInToday,,Reply
343,2012-03-14 13:49:58,@twistededge Have you tried @Cardmunch ?,0,0,@twistededge @Cardmunch,,Reply
344,2012-03-14 12:58:34,84% of professionals believe in career luck. Do you feel lucky in your career? Take our #poll ! http:// linkd.in/z7VC3s #inluck,10,0,,#poll #inluck,Announcement
345,2012-03-14 00:00:06,"And, thanks to all of you for sharing your stories of finding luck at work. #inluck cc: @thegirlontop http:// blog.linkedin.com/2012/03/13/in- luck/ …",12,4,@thegirlontop,#inluck,Reply
346,2012-03-13 22:41:01,"Wow! Quite a day. If you haven’t seen our post earlier today on finding your luck at work, check it out now. http:// blog.linkedin.com/2012/03/13/in- luck/ … #inluck",9,5,,#inluck,Announcement
347,2012-03-13 20:38:01,Is your career primed for success? Depends on your 3rd degree connections. Find your #inluck number here. http:// lnkd.in/inluck,10,6,,#inluck,Announcement
348,2012-03-13 19:00:12,Wondering what we were referring to with our #inluck number. Check out @thegirlontop ’s post explaining it. http:// blog.linkedin.com/2012/03/13/in- luck/ …,1,3,@thegirlontop,#inluck,Reply
349,2012-03-13 18:00:09,Have you wondered if there’s a secret for success? Guess it’s tied to your #inluck number 3 degrees away. Find it here http:// lnkd.in/inluck,8,3,,#inluck,Announcement
350,2012-03-13 17:35:46,"84% of professionals believe in career luck and other fun snippets from our recent survey (via @latimes ) http://www. latimes.com/business/money /la-fi-mo-career-luck-linkedin-20120313,0,6874465.story … #inluck",14,3,@latimes,#inluck,Reply
351,2012-03-13 16:32:50,Check out @thegirlontop ’s post on how smart professionals create their own luck on LinkedIn! http:// blog.linkedin.com/2012/03/13/in- luck/ … #inluck,9,2,@thegirlontop,#inluck,Reply
352,2012-03-13 15:07:43,"The more connections you’ve got, the luckier you are. What's your LinkedIn lucky number? Find it here and share. http:// lnkd.in/inluck",9,5,,,Announcement
353,2012-03-13 14:01:50,Share stories of a lucky break in your career. We’ll share the best ones here. #inluck http:// blog.linkedin.com/2012/03/13/in- luck/ …,8,2,,#inluck,Announcement
354,2012-03-13 12:00:24,"http:// blog.linkedin.com/2012/03/13/in- luck/ … Did you know that more people you’re connected to on LinkedIn, the luckier you are professionally. #inluck",17,3,,#inluck,Announcement
355,2012-03-13 11:00:29,"So, what's your favorite lucky break career stories? Tweet us your stories and tag it #inluck . http:// blog.linkedin.com/2012/03/13/in- luck/ …",4,3,,#inluck,Announcement
356,2012-03-13 10:30:19,Are you from one of the countries where professionals consider themselves super-lucky? Tell us. http:// blog.linkedin.com/2012/03/13/in- luck/ … #inluck,1,2,,#inluck,Announcement
357,2012-03-13 09:00:22,new post: Guess which 10 countries think they are the luckiest professionally http:// bit.ly/wy1rSU #in,15,2,,#in,Announcement
358,2012-03-12 19:32:38,"@robyn1977 They have a few different branches at @PPFAQ , so you might want to do a search and follow them all! http:// linkedin.com/company/946698",2,0,@robyn1977 @PPFAQ,,Reply
359,2012-03-12 19:31:18,@jasonchun05 Thanks Jason! See if there are any positions that fit your skillset at http://www. linkedin.com/careers,0,0,@jasonchun05,,Reply
360,2012-03-12 19:30:22,"Have you signed up for our next Job Seeker webinar? @LindseyPollak shows you how to land your dream job, Wed morning: http:// learn.linkedin.com/jobseeker/?tab =1 …",7,7,@LindseyPollak,,Reply
361,2012-03-12 19:21:48,"@bennyearl No problem - everyone's got their special sauce, though most companies want to keep it a secret!",0,0,@bennyearl,,Reply
362,2012-03-12 19:17:22,@BearskinNy Congrats! What a cool place to work! @virginmedia,0,0,@BearskinNy @virginmedia,,Reply
363,2012-03-12 18:39:51,@tomxonze See if any positions are a good fit here! http://www. linkedin.com/careers,0,0,@tomxonze,,Reply
364,2012-03-12 18:35:18,@manolodd IBM has positions open around the world! See how you're connected to their employees: http:// linkedin.com/company/1009,0,0,@manolodd,,Reply
365,2012-03-12 18:34:14,@POLISHEDSTYLESD And of course you can see what positions we have open at http://www. linkedin.com/careers :),0,0,@POLISHEDSTYLESD,,Reply
366,2012-03-12 18:33:43,@POLISHEDSTYLESD Might be a good time to work for Mashable if CNN is actually acquiring them! See if they're hiring: http:// linkedin.com/company/200000,0,0,@POLISHEDSTYLESD,,Reply
367,2012-03-12 18:32:12,@ReggyAlmeida Check out Twitter - http:// linkedin.com/company/96622 and do a search for the others to see what positions they have open!,0,0,@ReggyAlmeida,,Reply
368,2012-03-12 18:30:39,"@mikeschinkel No, it just needs to be confirmed via the email process. You may want to do a search or open a ticket at http:// help.linkedin.com",0,0,@mikeschinkel,,Reply
369,2012-03-12 17:16:49,"@bennyearl That might be a better question for @klout , as they have their own set of unique algorithms!",0,0,@bennyearl @klout,,Reply
370,2012-03-12 16:50:57,@jhtinnovation Nike seems to be a popular one! Check them out here: http:// linkedin.com/company/2029 and follow to see when they post new jobs.,0,0,@jhtinnovation,,Reply
371,2012-03-12 16:37:41,@M_Thulani Looks like Unilever has almost a hundred positions open - follow them here: http:// linkedin.com/company/1248,0,0,@M_Thulani,,Reply
372,2012-03-12 16:36:26,@nushkalina Oil & gas is a busy field! Check out 91 job postings at Shell alone: http:// linkedin.com/company/1271,0,0,@nushkalina,,Reply
373,2012-03-12 16:34:05,@AmeMorgan Nike would be so fun to work for! Check them out here to see if you have any connections there: http:// linkedin.com/company/2029,0,0,@AmeMorgan,,Reply
374,2012-03-12 16:32:38,"@mikeschinkel @jmccree To be associated with a company, you'll need your official ""name@company.com"" email address added to your LI account.",0,0,@mikeschinkel @jmccree @company,,Reply
375,2012-03-12 16:22:17,@katecanary Thank you Kate! :),0,0,@katecanary,,Reply
376,2012-03-12 16:21:43,@SAsportsPics Well keep an eye on @Nike by following them at http:// linkedin.com/company/2029 - see who you know there and when they post openings!,0,0,@SAsportsPics @Nike,,Reply
377,2012-03-12 16:17:32,@kfox2206 Awesome! Hope you had a great visit and got some free food. :),0,0,@kfox2206,,Reply
378,2012-03-12 16:14:08,@katecanary The @nytimes would be a great place to work! Check them out here for openings or connections: http:// linkedin.com/company/4236,0,1,@katecanary @nytimes,,Reply
379,2012-03-12 16:06:24,"@s_fridy Interesting company, NeuStar! You can see how you might be connected here, or if they have positions open: http:// linkedin.com/company/5349",0,0,@s_fridy,,Reply
380,2012-03-12 16:02:13,@JessicaMaybury Great pick! Check them out here for job opps and possible connections: http:// linkedin.com/company/165656,0,0,@JessicaMaybury,,Reply
381,2012-03-12 15:59:28,Do you have a company you'd love to work for? Tweet us yours! Now trending on @LinkedInToday : http:// mashable.com/2012/03/11/woo -a-startup-tips …,5,2,@LinkedInToday,,Reply
382,2012-03-12 15:36:37,"@senatorshoshana That's great to hear! It may vary by industry and trade, though it's always encouraging to see progress.",0,0,@senatorshoshana,,Reply
383,2012-03-12 13:57:07,Do you feel like there's a glass ceiling for women professionals? Great career advice to start the week empowered: http:// fastcompany.com/1822755/shatte ring-the-glass-ceiling-leadership-lessons-for-successful-women …,23,3,,,Announcement
384,2012-03-11 17:14:45,"Now on http:// linkedin.com/sxswtoday Austin sunshine=bad news, Highlight is the new Chatroulette, and startup stars could fade after #SXSW .",4,3,,#SXSW,Announcement
385,2012-03-10 15:20:52,If you're in Austin at #SXSW you may want to check out our very own @amyep discuss design strategy in 10. http:// schedule.sxsw.com/2012/events/ev ent_IAP9498 … #theNorm,12,1,@amyep,#SXSW #theNorm,Reply
386,2012-03-10 15:02:35,"If you're at SXSW, you may want to check out our colleague @amyep 's panel. In a half hour. http:// schedule.sxsw.com/2012/events/ev ent_IAP9498 …",3,0,@amyep,,Reply
387,2012-03-09 18:16:09,new post: The Top 5 Stories on LinkedIn: The Leadership Lessons of CEO James T. Kirk http:// bit.ly/yCNvN6 #in,7,2,,#in,Announcement
388,2012-03-09 17:16:38,It's almost the weekend! Ready to kick back and Tweet a few beers? Now trending on @LinkedInToday : http:// mashable.com/2012/03/08/twe et-a-beer-app-paypal … @tweetabeer #tyob,10,2,@LinkedInToday @tweetabeer,#tyob,Reply
389,2012-03-09 12:51:24,At what point in your life did you begin to view yourself as an entrepreneur? Hear @quixotic 's answer: http:// youtu.be/BsfZX6irqaU #startupofyou,9,4,@quixotic,#startupofyou,Reply
390,2012-03-08 17:47:33,"RT @LinkedInEng : To celebrate Women's Day, we're announcing our 1st DevelopHer Hackday, a public hackday for women! http:// engineering.linkedin.com/hackday/announ cing-first-ever-developher-hackday …",5,0,@LinkedInEng,,Reply
391,2012-03-08 17:10:38,new post: Announcing LinkedIn’s first Women’s Hackday – DevelopHer http:// bit.ly/wP33oL #in,14,2,,#in,Announcement
392,2012-03-08 17:09:33,"“ @mashable : LinkedIn Announces Women-Only 'DevelopHer' Hackday - http:// on.mash.to/wGIqFe ” cc: @brikis98 , @prchg",7,0,@mashable @brikis98 @prchg,,Reply
393,2012-03-08 16:03:29,At 3PM Pacific today. RT @emilychangtv Looking fwd to sitting down w/ @LinkedIn 's @JeffWeiner on our @BloombergWest anniversary show today!,2,0,@emilychangtv @LinkedIn @JeffWeiner @BloombergWest,,Reply
394,2012-03-08 13:09:41,new post: LinkedIn Industry Trends: Winners and Losers During the Great Recession http:// bit.ly/ysSX36 #in,10,2,,#in,Announcement
395,2012-03-08 09:30:15,"""Best place to start is not with you, but with whom you are attempting to attract."" Job seeking advice by @thegirlontop ....",13,6,@thegirlontop,,Reply
396,2012-03-07 09:01:14,new post: LinkedIn Innovator Challenge: A Recipe for Innovation http:// bit.ly/x1fOMJ #in,3,2,,#in,Announcement
397,2012-03-06 19:16:06,Have you added a Follow Company button to your company website yet? http:// youtu.be/sO0VSYxJl9A #company -pages,12,10,,#company,Announcement
398,2012-03-06 15:54:46,Have you mastered the art of hashtags? http://www. entrepreneur.com/article/222955 #hashtags #twitter via @entmagazine,27,18,@entmagazine,#hashtags #twitter,Reply
399,2012-03-06 12:13:22,Do you have a remarkable boss? Trending on @LinkedInToday : http://www. inc.com/jeff-haden/the -5-qualities-of-remarkable-bosses.html …,8,0,@LinkedInToday,,Reply
400,2012-03-05 18:14:42,"@herkyjerky Yes, please send them a tweet @LinkedInHelp !",1,0,@herkyjerky @LinkedInHelp,,Reply
401,2012-03-05 18:13:21,@hrlori Sorry about that! Someone from the @HireonLinkedIn team will get back to you shortly.,0,0,@hrlori @HireonLinkedIn,,Reply
402,2012-03-05 18:09:54,What are the new rules for getting a job in this economy? Chime in with hot topics in @HarvardBiz 's LinkedIn group. http:// lnkd.in/bFZ_5g,7,6,@HarvardBiz,,Reply
403,2012-03-05 12:43:08,RT @linkedintoday : What do great bosses do everyday? Five qualities of remarkable managers http:// ow.ly/9sH1j . Story of the day via @Inc .,27,10,@linkedintoday @Inc,,Reply
404,2012-03-04 20:26:40,All our members should now have access to LinkedIn Mobile which has been up and running for a while. Stay tuned for the latest here.,8,2,,,Announcement
405,2012-03-04 17:04:14,Some of you may've had trouble reaching LinkedIn Mobile. Our team is working to restore access. Stay tuned & thanks for your patience. ~MS,17,1,,,Announcement
406,2012-03-04 15:35:28,RT @linkedintoday : Can you survive on 4 hours sleep? Vote on our Sunday Poll and explain in the comments: http:// ow.ly/9rvBB .,4,0,@linkedintoday,,Reply
407,2012-03-02 19:44:58,Which companies do you follow on LinkedIn? And which are your favorites? http:// youtu.be/jykqF-neZ2I,12,2,,,Announcement
408,2012-03-02 19:38:00,You can now follow @sonyelectronics ' LinkedIn Company Page directly from their site. Check it out here http:// discover.store.sony.com/sonyjobs/index .html … #infollowbutton,3,2,@sonyelectronics,#infollowbutton,Reply
409,2012-03-02 15:59:58,Is it time to ditch the handwritten thank you note? After a job interview it is: http://www. businessinsider.com/answered-shoul d-you-send-a-handwritten-or-email-thank-you-note-after-an-interview-2012-3 … via @BI_Careers on @LinkedInToday,23,11,@BI_Careers @LinkedInToday,,Reply
410,2012-03-02 14:09:29,@jbueza Our store has actually been offline for a few years now. Are you looking for LinkedIn swag?,1,0,@jbueza,,Reply
411,2012-03-02 10:29:19,new post: Top 5 Stories of the Week: The Myth of the 8-Hour Sleep and Other Bad Business Beliefs http:// bit.ly/xuSTcq #in,12,4,,#in,Announcement
412,2012-03-02 01:06:14,"@ConteudoAnimal Yes, we're actually at @LinkedinBrasil !",1,0,@ConteudoAnimal @LinkedinBrasil,,Reply
413,2012-03-01 16:38:49,5 Reasons You Need to Meet in Person via @Inc . What's your favorite reason? Trending story on @LinkedInToday . http:// ow.ly/9oEkV,14,5,@Inc @LinkedInToday,,Reply
414,2012-03-01 14:25:35,Tips for Negotiating the Salary You Deserve by @AndreaMurad . Includes using LinkedIn Groups. http:// lnkd.in/h5Vt_T (via @KristaCanfield ),15,16,@AndreaMurad @KristaCanfield,,Reply
415,2012-03-01 12:39:51,10 LinkedIn headlines that stand out from the crowd. What's your #LinkedIn headline? http:// ow.ly/9ojFh (via @JorgenSundberg ),17,11,@JorgenSundberg,#LinkedIn,Reply
416,2012-03-01 11:30:59,@mattbologna Thanks very much! You should also follow @LinkedInToday to follow top stories.,0,0,@mattbologna @LinkedInToday,,Reply
417,2012-03-01 11:01:40,Parlez-vous français? Follow @LinkedInFrance for LinkedIn news in French.,11,0,@LinkedInFrance,,Reply
418,2012-02-29 17:03:37,Have you checked out @donorschoose 's implementation of LinkedIn's Follow Button? Check it out here and follow. http://www. donorschoose.org /,19,1,@donorschoose,,Reply
419,2012-02-29 15:34:51,@tlpeery Cool group! Send us your secrets to success if you have any!,0,0,@tlpeery,,Reply
420,2012-02-29 15:29:28,@jennifer_dubow We will have a small group attending the Tech section! Tweet us when you're there and we'll coordinate a meetup!,0,0,@jennifer_dubow,,Reply
421,2012-02-29 15:27:19,@Lin_Dolin No limit on the number of companies you can follow on LinkedIn. You can follow to your heart's content!,1,0,@Lin_Dolin,,Reply
422,2012-02-29 15:14:11,@AustinSEM Great! Hope you're ramping up for SXSW!,0,0,@AustinSEM,,Reply
423,2012-02-29 15:03:55,Do you run a LinkedIn Group? Tweet us your group and check out these tips on running a successful group on #LinkedIn : http://www. backbonemag.com/Magazine/2012- 02/how-to-run-a-successful-linkedin-group.aspx …,20,6,,#LinkedIn,Announcement
424,2012-02-29 11:28:34,What's your plan Z? Watch #LinkedIn Chairman & Co-founder Reid Hoffman ( @quixotic ) introduce his new book: http:// youtu.be/bFeRzxCpfvM,8,1,@quixotic,#LinkedIn,Reply
425,2012-02-28 18:22:25,"@kennytomlin Why, thank you! The @cardmunch team is flattered.",3,1,@kennytomlin @cardmunch,,Reply
426,2012-02-28 12:45:03,new post: How to Invest Wisely in “The Start-Up of You” http:// bit.ly/xUOcWn #in,14,3,,#in,Announcement
427,2012-02-27 14:58:17,@nikhilnarayanan We appreciate the feedback. We’re constantly tweaking it to make it better!,4,1,@nikhilnarayanan,,Reply
428,2012-02-27 12:01:52,Learn how to grow your #LinkedIn Company Page & engage your followers in our free webcast tomorrow. http:// ow.ly/96j0o #in,29,7,,#LinkedIn #in,Announcement
429,2012-02-27 11:10:30,RT @TechCrunch : LinkedIn Adds An Embeddable Follow Button For Company Sites http:// tcrn.ch/we00Ji by @leenarao,12,4,@TechCrunch @leenarao,,Reply
430,2012-02-27 09:15:57,"new post: LinkedIn Follow Button: Companies, Look Who’s Following You Now http:// bit.ly/wUj5Hz #in",24,9,,#in,Announcement
431,2012-02-24 19:39:09,Celebrating another member milestone at #LinkedIn HQ! RT @brikis98 : 150 million reasons to party. pic.twitter.com/3qdwOnIN,19,2,@brikis98,#LinkedIn,Reply
432,2012-02-24 15:41:33,new post: Top Five Stories of the Week: What Companies Know About You and Other Secrets http:// bit.ly/zKsvsl #in,8,4,,#in,Announcement
433,2012-02-24 14:18:21,RT @linkedintoday : What's the one interview mistake everyone is making? It's the story of the day via @businessinsider http:// ow.ly/9h7yC,21,15,@linkedintoday @businessinsider,,Reply
434,2012-02-24 14:01:43,Have you ever considered yourself as a start-up? Listen to #LinkedIn co-founder @quixotic discuss his new book: http:// youtu.be/m_m1BaO9kcY,16,11,@quixotic,#LinkedIn,Reply
435,2012-02-23 17:02:39,"How would you feel about a world without resumes, business cards & Rolodexes? via @BusinessInsider http:// ow.ly/9fP5A #in",20,5,@BusinessInsider,#in,Reply
436,2012-02-23 10:28:11,Employee & US Marine Corps veteran @TimStanton recaps #leadership lessons from @mcchrystalgroup 's visit. http:// ow.ly/9fc6A #in,6,1,@TimStanton @mcchrystalgroup,#leadership #in,Reply
437,2012-02-22 19:46:42,"Do you ""pre-game"" your business meetings? Here are some great tips from @KevNix ! http:// klnconsultinggroup.com/2012/02/21/usi ng-linkedin-as-the-pre-game-warm-up-for-your-business-meetings/ …",13,9,@KevNix,,Reply
438,2012-02-22 18:17:57,new post: Speaker Series: General Stanley McChrystal http:// bit.ly/yrZuuX #in,4,0,,#in,Announcement
439,2012-02-22 17:48:31,Find out here! http:// linkedin.com/search RT @AhmedAdeyanju Are there any footballers on @LinkedIn ?,0,0,@AhmedAdeyanju @LinkedIn,,Reply
440,2012-02-22 15:07:13,Are you on the job hunt? Check out our free webinar for job seekers! http:// learn.linkedin.com/jobseeker,40,13,,,Announcement
441,2012-02-22 14:01:51,We're excited to welcome the @Rapportive team to our LinkedIn family. http:// ow.ly/9e437,20,9,@Rapportive,,Reply
442,2012-02-22 13:36:34,"@kristacanfield @ramonthomas Yes, recording will be posted on Youtube in a few days.",0,0,@kristacanfield @ramonthomas,,Reply
443,2012-02-22 13:01:12,Our founder Reid Hoffman @quixotic is talking about his new book @StartUpofYou at #LinkedIn HQ. Join us live NOW. http:// ow.ly/9dXSO,15,2,@quixotic @StartUpofYou,#LinkedIn,Reply
444,2012-02-22 11:01:23,Join us live TODAY at 10am PT as our founder Reid Hoffman @quixotic talks about his new book @StartUpofYou . http:// ow.ly/9bxeR,5,1,@quixotic @StartUpofYou,,Reply
445,2012-02-21 19:52:04,Exciting milestone. LinkedIn Indonesia hits a million members 2 months after localization. http:// ow.ly/9cYCt (via @e27sg) #in,28,4,@e27sg,#in,Reply
446,2012-02-21 13:03:05,"Join us live tomorrow, 2/22 at 10am PT as our founder Reid Hoffman @quixotic talks about @StartupofYou at #LinkedIn HQ. http:// ow.ly/9bx9H",9,0,@quixotic @StartupofYou,#LinkedIn,Reply
447,2012-02-21 12:01:52,Learn how to grow your #LinkedIn Company Page & engage your followers by joining us for a free webcast on 2/28. http:// ow.ly/96iY4 #in,13,6,,#LinkedIn #in,Announcement
448,2012-02-17 19:11:09,"What's your favorite nickname for Jeremy Lin? @espn likes ""Linked-Lin""! http://www. youtube.com/watch?v=VK_lj2 f6F24&t=50s … #linsanity",10,1,@espn,#linsanity,Reply
449,2012-02-17 13:49:02,new post: The Top 5 Stories on Lin-kedIn: Business Goes Gaga for Jeremy Lin http:// bit.ly/zooqDw #in,9,1,,#in,Announcement
450,2012-02-17 13:41:53,"""Leadership is not a talent or a gift - it's a choice."" @mcchrystalgroup speaking at #LinkedIn HQ. #inDay pic.twitter.com/QFlgrEWP",33,13,@mcchrystalgroup,#LinkedIn #inDay,Reply
451,2012-02-17 08:30:51,Join us live NOW as our cofounder Reid Hoffman @quixotic delivers keynote 'Start-Up of You' at #SMWNYC . http:// ow.ly/918lY #startYOU,12,3,@quixotic,#SMWNYC #startYOU,Reply
452,2012-02-17 00:01:45,@janebinnion We changed our profile completeness calculation to give u more control. Tips here: http:// lnkd.in/profile-comple teness …,6,0,@janebinnion,,Reply
453,2012-02-16 18:00:59,How much time you have to spend in useless meetings per week? Vote on @HarvardBiz 's Open Group Poll http:// ow.ly/9704M,11,1,@HarvardBiz,,Reply
454,2012-02-16 16:30:47,8 amazing job search tips from our co-founder @quixotic & his new book @StartUpofYou . http:// ow.ly/9718V (via @mashable ),22,10,@quixotic @StartUpofYou @mashable,,Reply
455,2012-02-16 14:01:09,Want to learn how to grow your #LinkedIn Company Page & engage your followers? Join us for a free webcast on 2/28. http:// ow.ly/96iUq #in,17,10,,#LinkedIn #in,Announcement
456,2012-02-16 12:30:52,Do you munch? @TIME selects @CardMunch as '50 Best iPhone Apps 2012' http:// ow.ly/96iPg,10,2,@TIME @CardMunch,,Reply
457,2012-02-16 11:01:42,Sprechen Sie Deutsch? Follow @LinkedInDE for LinkedIn news in German.,3,2,@LinkedInDE,,Reply
458,2012-02-15 21:05:48,@hannahrosepratt Have you checked out our most recent blog post on simple steps to a complete profile? http:// lnkd.in/profile-comple teness …,5,0,@hannahrosepratt,,Reply
459,2012-02-15 17:31:51,Mark your calendars for Friday: Reid Hoffman @quixotic delivers keynote @StartUpofYou at #SMWNYC on 2/17 8.30am ET http:// ow.ly/918i7,8,1,@quixotic @StartUpofYou,#SMWNYC,Reply
460,2012-02-15 16:45:08,"And #tip @LinkedIn_Today ! RT @le_frick ""think shareability vs. virality"" @LinkedIn #SMWTO",0,0,@LinkedIn_Today @le_frick @LinkedIn,#tip #SMWTO,Reply
461,2012-02-15 16:39:11,The A to Z of @LinkedIn from @CIOonline ! http://www. cio.com.au/article/415402 /a-z_linkedin …,17,14,@LinkedIn @CIOonline,,Reply
462,2012-02-15 13:46:38,Want to make an impact with your social strategy? Join us live RIGHT NOW from Social Media Week in NYC! http:// new.livestream.com/smwnychange/Li nkedInSocialImpact … #smw,8,0,,#smw,Announcement
463,2012-02-15 12:41:49,Landed a job interview? You'll want to have some good answers ready for these three questions: http:// onforb.es/qRhYcZ via @forbes,183,202,@forbes,,Reply
464,2012-02-15 10:01:30,Join us as our cofounder Reid Hoffman @quixotic delivers keynote @StartUpofYou at #SMWNYC on 2/17 8.30am ET http:// ow.ly/918i7,3,1,@quixotic @StartUpofYou,#SMWNYC,Reply
465,2012-02-14 20:38:14,new post: Simple steps to a complete LinkedIn Profile http:// bit.ly/yhaHSo #in,14,13,,#in,Announcement
466,2012-02-14 16:59:30,Want to create a customized URL for your #LinkedIn profile? Check out a short #video tip from our @LinkedInHelp team. http:// ow.ly/94yrE,16,8,@LinkedInHelp,#LinkedIn #video,Reply
467,2012-02-14 15:47:08,How Google's viral #ValentinesDay doodle was made http:// ow.ly/94rSl . Story of the day on @LinkedIn_Today via @techcrunch .,6,2,@LinkedIn_Today @techcrunch,#ValentinesDay,Reply
468,2012-02-14 15:39:05,Happy Valentines Day! Sweet card designed by our very own @dhengeveld . http:// ow.ly/i/sALB,7,0,@dhengeveld,,Reply
469,2012-02-14 14:21:36,@staceygrewal Thanks!,0,0,@staceygrewal,,Reply
470,2012-02-14 11:20:28,@leahdemilio Thanks! Great to hear you are a fan of @LinkedIn_Today .,0,1,@leahdemilio @LinkedIn_Today,,Reply
471,2012-02-14 11:06:30,We're honored to be on @FastCompany 's list of The World’s 50 Most Innovative Companies in 2012. http:// ow.ly/942iv #in,17,4,@FastCompany,#in,Reply
472,2012-02-13 17:45:37,"Awesome. MT @linkedinu: @ESPN 's #3 Top Nickname for Jeremy Lin @jlin7 is ""Linked-Lin"". He is def an inspiration to all. http:// ow.ly/935bO",8,1,@linkedinu @ESPN @jlin7,#3,Reply
473,2012-02-13 17:41:31,"@likeablemedia You rule, for mentioning us in your #SMWlikeable session!",0,0,@likeablemedia,#SMWlikeable,Reply
474,2012-02-13 17:16:06,"Start at http:// learn.linkedin.com RT @LikeableMedia ""There is a gold mine for those who leverage @LinkedIn well"" @DaveKerpen #SMWlikeable",6,6,@LikeableMedia @LinkedIn @DaveKerpen,#SMWlikeable,Reply
475,2012-02-13 10:01:34,We teamed up with @DrDrewLCTV to surprise unemployed viewers with great jobs. Airs 3pm today. #Video sneak peek: http:// youtu.be/y_0gkTNRdPE,10,2,@DrDrewLCTV,#Video,Reply
476,2012-02-10 11:29:01,new post: Sitting at Work Is Old Fashioned — And Other Top Stories on LinkedIn This Week http:// bit.ly/wVeiMS #in,5,1,,#in,Announcement
477,2012-02-10 09:01:26,We partnered with @DrDrewLCTV to surprise unemployed viewers with great jobs. Tune in on 2/13 on the CW. http:// ow.ly/8YXPc #VIDEO,10,1,@DrDrewLCTV,#VIDEO,Reply
478,2012-02-09 17:26:14,"That wraps up our earnings call. For those of you just tuning in, check out our blog post for more. http:// stks.co/2L06",6,0,,,Announcement
479,2012-02-09 17:20:47,"Premium Subscriptions represented 20% of total revenue in Q4 of 2011, compared to 22% in the fourth quarter of 2010. http:// dcl.sr/jL",3,0,,,Announcement
480,2012-02-09 17:20:34,"Revenue from Premium Subscriptions products totaled $33.3M, up 87% compared to the fourth quarter of 2010. http:// dcl.sr/jJ",4,0,,,Announcement
481,2012-02-09 17:20:10,"Marketing Solutions revenue represented 30% of total revenue in Q4 of 2011, compared to 34% in Q4 of 2010. http:// dcl.sr/jH",2,1,,,Announcement
482,2012-02-09 17:19:50,"Revenue from Marketing Solutions products totaled $49.5M, up 77% compared to the fourth quarter of 2010. http:// dcl.sr/jF",6,0,,,Announcement
483,2012-02-09 17:19:08,"Hiring Solutions revenue represented 50% of total revenue in Q4 2011, compared to 44% in the fourth quarter of 2010. http:// dcl.sr/jD",5,0,,,Announcement
484,2012-02-09 17:18:51,"Revenue from Hiring Solutions products totaled $84.9M, up 136% compared to Q4 2010. http:// dcl.sr/jB",5,0,,,Announcement
485,2012-02-09 17:16:48,We now have CFO Steve Sordello's presenting during our earnings call. You can listen in at our IR site here http:// stks.co/2Kyv $ LNKD,4,1,,,Announcement
486,2012-02-09 17:14:28,Those were the key points from CEO @jeffweiner 's presentation during our Q4 2011 earnings call. More details here http:// stks.co/2Kyq $ LNKD,3,1,@jeffweiner,,Reply
487,2012-02-09 17:11:13,Mobile visits account for more than 15% of total unique member visits and is the fastest growing service on LinkedIn. http:// dcl.sr/j9,9,3,,,Announcement
488,2012-02-09 17:10:43,"As of now, there are more than 50K developers using LinkedIn APIs to help build and power the professional Web. http:// dcl.sr/j7",9,2,,,Announcement
489,2012-02-09 17:10:19,"We also introduced a wave of new products all designed around Identity, Insights, and Everywhere. http:// dcl.sr/j5",3,2,,,Announcement
490,2012-02-09 17:09:33,"We also opened 7 offices outside the U.S. in 2011, bringing the total number of global offices to 22. http:// dcl.sr/j3",4,0,,,Announcement
491,2012-02-09 17:09:11,"We launched 8 local languages last year and in 2012 we’ve added Czech and Dutch to the list, bringing our total to 16. http:// dcl.sr/j1",2,1,,,Announcement
492,2012-02-09 17:08:23,More than 60 million new professionals have joined LinkedIn since the start of 2011. http:// dcl.sr/iz,29,2,,,Announcement
493,2012-02-09 17:08:02,"And member page views in Q4 grew faster still, at 77%, marking a healthy progression in our key engagement metrics. http:// dcl.sr/ix",2,1,,,Announcement
494,2012-02-09 17:07:46,"Unique member visits to LinkedIn in Q4 grew 67% year over year, even faster than the rate of membership growth. http:// dcl.sr/iv",3,0,,,Announcement
495,2012-02-09 17:07:10,Our cumulative membership grew 60% year over year to 145 million at the end of the fourth quarter. http:// dcl.sr/ir,19,1,,,Announcement
496,2012-02-09 17:06:49,"For 2011, revenues were a record $522M, up 115%, and we delivered adjusted EBITDA of $99M, or a non-GAAP EPS of 35c. http:// dcl.sr/ip",9,1,,,Announcement
497,2012-02-09 17:06:01,"For Q4, overall revenues grew 105% to a record $168M. http:// dcl.sr/in",10,1,,,Announcement
498,2012-02-09 17:03:47,"The earnings webcast will be co-hosted by our CFO, @ssordello . Check out our deck of slides from today’s presentation. http:// stks.co/2Ky3",3,1,@ssordello,,Reply
499,2012-02-09 17:02:15,new post: LinkedIn’s Q4 2011 Earnings Announcement http:// bit.ly/ywbm5h #in,12,0,,#in,Announcement
500,2012-02-09 16:59:22,"Our CEO, @jeffweiner , will start our earnings shortly. In the meanwhile, check out our post with more details. http:// stks.co/2Kxi",4,0,@jeffweiner,,Reply
501,2012-02-09 16:47:17,You’ll be seeing a flurry of tweets starting 2PT as we provide live updates from our earnings call. http:// dcl.sr/ij,5,1,,,Announcement
502,2012-02-09 16:23:36,We’ll be live tweeting our earnings call a half hour from now. Stay tuned for live updates. http:// dcl.sr/ih,10,0,,,Announcement
503,2012-02-09 13:01:42,new post: 3 Ways to Reinvent Yourself on LinkedIn http:// bit.ly/AkDYDW #in,27,15,,#in,Announcement
504,2012-02-09 12:23:52,Everything you need to know about #LinkedIn recommendations via @Forbes . How many do you have? http:// ow.ly/8YtZg #in,21,5,@Forbes,#LinkedIn #in,Reply
505,2012-02-08 18:03:56,"Call it a ""return on investment"": How LinkedIn helped The Rock Group land a $70 million account: http:// lnkd.in/gJvcts",13,3,,,Announcement
506,2012-02-08 11:52:03,Parlez-vous français? Follow us @LinkedInFrance for all the latest news.,5,3,@LinkedInFrance,,Reply
507,2012-02-07 20:16:09,9 reasons your resume will never get you a job at Google or Apple. http:// ow.ly/8VYtC (via @LinkedIn_Today @businessinsider ),46,17,@LinkedIn_Today @businessinsider,,Reply
508,2012-02-07 16:48:17,new post: A More Secure LinkedIn Browsing Experience http:// bit.ly/wquFKt #in,12,3,,#in,Announcement
509,2012-02-07 15:20:05,"Subscribe to our new Twitter list of #inDay Speakers including @NYTimesFriedman , @DeepakChopra , @ScottHarrison & more. https:// twitter.com/#!/LinkedIn/in day-speakers …",4,3,@NYTimesFriedman @DeepakChopra @ScottHarrison,#inDay #,Reply
510,2012-02-07 12:59:43,"@pranmaz Great to hear, please tell us more! Or consider writing a recommendation for LinkedIn Jobs at http:// ow.ly/8VARg .",1,0,@pranmaz,,Reply
511,2012-02-07 10:39:22,new post: Make Cupid’s Arrow Hit the Mark: Tips and Tricks for Snagging a Sweetheart AND a Sweet Gig on Vale... http:// bit.ly/Aj6Ny6 #in,7,0,,#in,Announcement
